..\jfreechart-master\jfreechart-master\src\main\java\org\jfree\chart\annotations\AbstractAnnotation.java,org.jfree.chart.annotations,AbstractAnnotation,7
..\jfreechart-master\jfreechart-master\src\main\java\org\jfree\chart\annotations\AbstractXYAnnotation.java,org.jfree.chart.annotations,AbstractXYAnnotation,21
..\jfreechart-master\jfreechart-master\src\main\java\org\jfree\chart\annotations\Annotation.java,org.jfree.chart.annotations,Annotation,26
..\jfreechart-master\jfreechart-master\src\main\java\org\jfree\chart\annotations\CategoryAnnotation.java,org.jfree.chart.annotations,CategoryAnnotation,8
..\jfreechart-master\jfreechart-master\src\main\java\org\jfree\chart\annotations\CategoryLineAnnotation.java,org.jfree.chart.annotations,CategoryLineAnnotation,21
..\jfreechart-master\jfreechart-master\src\main\java\org\jfree\chart\annotations\CategoryPointerAnnotation.java,org.jfree.chart.annotations,CategoryPointerAnnotation,19
..\jfreechart-master\jfreechart-master\src\main\java\org\jfree\chart\annotations\CategoryTextAnnotation.java,org.jfree.chart.annotations,CategoryTextAnnotation,20
..\jfreechart-master\jfreechart-master\src\main\java\org\jfree\chart\annotations\package-info.java,org.jfree.chart.annotations,package-info,1
..\jfreechart-master\jfreechart-master\src\main\java\org\jfree\chart\annotations\TextAnnotation.java,org.jfree.chart.annotations,TextAnnotation,15
..\jfreechart-master\jfreechart-master\src\main\java\org\jfree\chart\annotations\XYAnnotation.java,org.jfree.chart.annotations,XYAnnotation,20
..\jfreechart-master\jfreechart-master\src\main\java\org\jfree\chart\annotations\XYAnnotationBoundsInfo.java,org.jfree.chart.annotations,XYAnnotationBoundsInfo,6
..\jfreechart-master\jfreechart-master\src\main\java\org\jfree\chart\annotations\XYBoxAnnotation.java,org.jfree.chart.annotations,XYBoxAnnotation,16
..\jfreechart-master\jfreechart-master\src\main\java\org\jfree\chart\annotations\XYDataImageAnnotation.java,org.jfree.chart.annotations,XYDataImageAnnotation,16
..\jfreechart-master\jfreechart-master\src\main\java\org\jfree\chart\annotations\XYDrawableAnnotation.java,org.jfree.chart.annotations,XYDrawableAnnotation,15
..\jfreechart-master\jfreechart-master\src\main\java\org\jfree\chart\annotations\XYImageAnnotation.java,org.jfree.chart.annotations,XYImageAnnotation,16
..\jfreechart-master\jfreechart-master\src\main\java\org\jfree\chart\annotations\XYLineAnnotation.java,org.jfree.chart.annotations,XYLineAnnotation,18
..\jfreechart-master\jfreechart-master\src\main\java\org\jfree\chart\annotations\XYPointerAnnotation.java,org.jfree.chart.annotations,XYPointerAnnotation,21
..\jfreechart-master\jfreechart-master\src\main\java\org\jfree\chart\annotations\XYPolygonAnnotation.java,org.jfree.chart.annotations,XYPolygonAnnotation,17
..\jfreechart-master\jfreechart-master\src\main\java\org\jfree\chart\annotations\XYShapeAnnotation.java,org.jfree.chart.annotations,XYShapeAnnotation,17
..\jfreechart-master\jfreechart-master\src\main\java\org\jfree\chart\annotations\XYTextAnnotation.java,org.jfree.chart.annotations,XYTextAnnotation,23
..\jfreechart-master\jfreechart-master\src\main\java\org\jfree\chart\annotations\XYTitleAnnotation.java,org.jfree.chart.annotations,XYTitleAnnotation,26
..\jfreechart-master\jfreechart-master\src\main\java\org\jfree\chart\api\HorizontalAlignment.java,org.jfree.chart.api,HorizontalAlignment,8
..\jfreechart-master\jfreechart-master\src\main\java\org\jfree\chart\api\Layer.java,org.jfree.chart.api,Layer,20
..\jfreechart-master\jfreechart-master\src\main\java\org\jfree\chart\api\LengthAdjustmentType.java,org.jfree.chart.api,LengthAdjustmentType,6
..\jfreechart-master\jfreechart-master\src\main\java\org\jfree\chart\api\package-info.java,org.jfree.chart.api,package-info,1
..\jfreechart-master\jfreechart-master\src\main\java\org\jfree\chart\api\PublicCloneable.java,org.jfree.chart.api,PublicCloneable,149
..\jfreechart-master\jfreechart-master\src\main\java\org\jfree\chart\api\RectangleAlignment.java,org.jfree.chart.api,RectangleAlignment,3
..\jfreechart-master\jfreechart-master\src\main\java\org\jfree\chart\api\RectangleAnchor.java,org.jfree.chart.api,RectangleAnchor,20
..\jfreechart-master\jfreechart-master\src\main\java\org\jfree\chart\api\RectangleEdge.java,org.jfree.chart.api,RectangleEdge,84
..\jfreechart-master\jfreechart-master\src\main\java\org\jfree\chart\api\RectangleInsets.java,org.jfree.chart.api,RectangleInsets,43
..\jfreechart-master\jfreechart-master\src\main\java\org\jfree\chart\api\Rotation.java,org.jfree.chart.api,Rotation,28
..\jfreechart-master\jfreechart-master\src\main\java\org\jfree\chart\api\SortOrder.java,org.jfree.chart.api,SortOrder,7
..\jfreechart-master\jfreechart-master\src\main\java\org\jfree\chart\api\TableOrder.java,org.jfree.chart.api,TableOrder,5
..\jfreechart-master\jfreechart-master\src\main\java\org\jfree\chart\api\UnitType.java,org.jfree.chart.api,UnitType,9
..\jfreechart-master\jfreechart-master\src\main\java\org\jfree\chart\api\VerticalAlignment.java,org.jfree.chart.api,VerticalAlignment,7
..\jfreechart-master\jfreechart-master\src\main\java\org\jfree\chart\api\XYCoordinateType.java,org.jfree.chart.api,XYCoordinateType,3
..\jfreechart-master\jfreechart-master\src\main\java\org\jfree\chart\axis\Axis.java,org.jfree.chart.axis,Axis,131
..\jfreechart-master\jfreechart-master\src\main\java\org\jfree\chart\axis\AxisCollection.java,org.jfree.chart.axis,AxisCollection,6
..\jfreechart-master\jfreechart-master\src\main\java\org\jfree\chart\axis\AxisLabelLocation.java,org.jfree.chart.axis,AxisLabelLocation,2
..\jfreechart-master\jfreechart-master\src\main\java\org\jfree\chart\axis\AxisLocation.java,org.jfree.chart.axis,AxisLocation,44
..\jfreechart-master\jfreechart-master\src\main\java\org\jfree\chart\axis\AxisSpace.java,org.jfree.chart.axis,AxisSpace,18
..\jfreechart-master\jfreechart-master\src\main\java\org\jfree\chart\axis\AxisState.java,org.jfree.chart.axis,AxisState,22
..\jfreechart-master\jfreechart-master\src\main\java\org\jfree\chart\axis\CategoryAnchor.java,org.jfree.chart.axis,CategoryAnchor,6
..\jfreechart-master\jfreechart-master\src\main\java\org\jfree\chart\axis\CategoryAxis.java,org.jfree.chart.axis,CategoryAxis,55
..\jfreechart-master\jfreechart-master\src\main\java\org\jfree\chart\axis\CategoryLabelPosition.java,org.jfree.chart.axis,CategoryLabelPosition,12
..\jfreechart-master\jfreechart-master\src\main\java\org\jfree\chart\axis\CategoryLabelPositions.java,org.jfree.chart.axis,CategoryLabelPositions,12
..\jfreechart-master\jfreechart-master\src\main\java\org\jfree\chart\axis\CategoryLabelWidthType.java,org.jfree.chart.axis,CategoryLabelWidthType,4
..\jfreechart-master\jfreechart-master\src\main\java\org\jfree\chart\axis\CategoryTick.java,org.jfree.chart.axis,CategoryTick,7
..\jfreechart-master\jfreechart-master\src\main\java\org\jfree\chart\axis\CompassFormat.java,org.jfree.chart.axis,CompassFormat,2
..\jfreechart-master\jfreechart-master\src\main\java\org\jfree\chart\axis\CyclicNumberAxis.java,org.jfree.chart.axis,CyclicNumberAxis,24
..\jfreechart-master\jfreechart-master\src\main\java\org\jfree\chart\axis\DateAxis.java,org.jfree.chart.axis,DateAxis,28
..\jfreechart-master\jfreechart-master\src\main\java\org\jfree\chart\axis\DateTick.java,org.jfree.chart.axis,DateTick,10
..\jfreechart-master\jfreechart-master\src\main\java\org\jfree\chart\axis\DateTickMarkPosition.java,org.jfree.chart.axis,DateTickMarkPosition,3
..\jfreechart-master\jfreechart-master\src\main\java\org\jfree\chart\axis\DateTickUnit.java,org.jfree.chart.axis,DateTickUnit,8
..\jfreechart-master\jfreechart-master\src\main\java\org\jfree\chart\axis\DateTickUnitType.java,org.jfree.chart.axis,DateTickUnitType,11
..\jfreechart-master\jfreechart-master\src\main\java\org\jfree\chart\axis\ExtendedCategoryAxis.java,org.jfree.chart.axis,ExtendedCategoryAxis,12
..\jfreechart-master\jfreechart-master\src\main\java\org\jfree\chart\axis\LogarithmicAxis.java,org.jfree.chart.axis,LogarithmicAxis,14
..\jfreechart-master\jfreechart-master\src\main\java\org\jfree\chart\axis\LogAxis.java,org.jfree.chart.axis,LogAxis,23
..\jfreechart-master\jfreechart-master\src\main\java\org\jfree\chart\axis\LogTick.java,org.jfree.chart.axis,LogTick,7
..\jfreechart-master\jfreechart-master\src\main\java\org\jfree\chart\axis\MarkerAxisBand.java,org.jfree.chart.axis,MarkerAxisBand,9
..\jfreechart-master\jfreechart-master\src\main\java\org\jfree\chart\axis\ModuloAxis.java,org.jfree.chart.axis,ModuloAxis,7
..\jfreechart-master\jfreechart-master\src\main\java\org\jfree\chart\axis\MonthDateFormat.java,org.jfree.chart.axis,MonthDateFormat,4
..\jfreechart-master\jfreechart-master\src\main\java\org\jfree\chart\axis\NumberAxis.java,org.jfree.chart.axis,NumberAxis,35
..\jfreechart-master\jfreechart-master\src\main\java\org\jfree\chart\axis\NumberTick.java,org.jfree.chart.axis,NumberTick,19
..\jfreechart-master\jfreechart-master\src\main\java\org\jfree\chart\axis\NumberTickUnit.java,org.jfree.chart.axis,NumberTickUnit,13
..\jfreechart-master\jfreechart-master\src\main\java\org\jfree\chart\axis\NumberTickUnitSource.java,org.jfree.chart.axis,NumberTickUnitSource,6
..\jfreechart-master\jfreechart-master\src\main\java\org\jfree\chart\axis\package-info.java,org.jfree.chart.axis,package-info,1
..\jfreechart-master\jfreechart-master\src\main\java\org\jfree\chart\axis\PeriodAxis.java,org.jfree.chart.axis,PeriodAxis,25
..\jfreechart-master\jfreechart-master\src\main\java\org\jfree\chart\axis\PeriodAxisLabelInfo.java,org.jfree.chart.axis,PeriodAxisLabelInfo,7
..\jfreechart-master\jfreechart-master\src\main\java\org\jfree\chart\axis\QuarterDateFormat.java,org.jfree.chart.axis,QuarterDateFormat,3
..\jfreechart-master\jfreechart-master\src\main\java\org\jfree\chart\axis\StandardTickUnitSource.java,org.jfree.chart.axis,StandardTickUnitSource,8
..\jfreechart-master\jfreechart-master\src\main\java\org\jfree\chart\axis\SubCategoryAxis.java,org.jfree.chart.axis,SubCategoryAxis,15
..\jfreechart-master\jfreechart-master\src\main\java\org\jfree\chart\axis\SymbolAxis.java,org.jfree.chart.axis,SymbolAxis,21
..\jfreechart-master\jfreechart-master\src\main\java\org\jfree\chart\axis\Tick.java,org.jfree.chart.axis,Tick,46
..\jfreechart-master\jfreechart-master\src\main\java\org\jfree\chart\axis\TickType.java,org.jfree.chart.axis,TickType,12
..\jfreechart-master\jfreechart-master\src\main\java\org\jfree\chart\axis\TickUnit.java,org.jfree.chart.axis,TickUnit,20
..\jfreechart-master\jfreechart-master\src\main\java\org\jfree\chart\axis\TickUnits.java,org.jfree.chart.axis,TickUnits,12
..\jfreechart-master\jfreechart-master\src\main\java\org\jfree\chart\axis\TickUnitSource.java,org.jfree.chart.axis,TickUnitSource,8
..\jfreechart-master\jfreechart-master\src\main\java\org\jfree\chart\axis\Timeline.java,org.jfree.chart.axis,Timeline,5
..\jfreechart-master\jfreechart-master\src\main\java\org\jfree\chart\axis\ValueAxis.java,org.jfree.chart.axis,ValueAxis,105
..\jfreechart-master\jfreechart-master\src\main\java\org\jfree\chart\axis\ValueTick.java,org.jfree.chart.axis,ValueTick,15
..\jfreechart-master\jfreechart-master\src\main\java\org\jfree\chart\block\AbstractBlock.java,org.jfree.chart.block,AbstractBlock,19
..\jfreechart-master\jfreechart-master\src\main\java\org\jfree\chart\block\Arrangement.java,org.jfree.chart.block,Arrangement,13
..\jfreechart-master\jfreechart-master\src\main\java\org\jfree\chart\block\Block.java,org.jfree.chart.block,Block,43
..\jfreechart-master\jfreechart-master\src\main\java\org\jfree\chart\block\BlockBorder.java,org.jfree.chart.block,BlockBorder,7
..\jfreechart-master\jfreechart-master\src\main\java\org\jfree\chart\block\BlockContainer.java,org.jfree.chart.block,BlockContainer,23
..\jfreechart-master\jfreechart-master\src\main\java\org\jfree\chart\block\BlockFrame.java,org.jfree.chart.block,BlockFrame,7
..\jfreechart-master\jfreechart-master\src\main\java\org\jfree\chart\block\BlockParams.java,org.jfree.chart.block,BlockParams,8
..\jfreechart-master\jfreechart-master\src\main\java\org\jfree\chart\block\BlockResult.java,org.jfree.chart.block,BlockResult,9
..\jfreechart-master\jfreechart-master\src\main\java\org\jfree\chart\block\BorderArrangement.java,org.jfree.chart.block,BorderArrangement,10
..\jfreechart-master\jfreechart-master\src\main\java\org\jfree\chart\block\CenterArrangement.java,org.jfree.chart.block,CenterArrangement,9
..\jfreechart-master\jfreechart-master\src\main\java\org\jfree\chart\block\ColorBlock.java,org.jfree.chart.block,ColorBlock,8
..\jfreechart-master\jfreechart-master\src\main\java\org\jfree\chart\block\ColumnArrangement.java,org.jfree.chart.block,ColumnArrangement,11
..\jfreechart-master\jfreechart-master\src\main\java\org\jfree\chart\block\EmptyBlock.java,org.jfree.chart.block,EmptyBlock,6
..\jfreechart-master\jfreechart-master\src\main\java\org\jfree\chart\block\EntityBlockParams.java,org.jfree.chart.block,EntityBlockParams,7
..\jfreechart-master\jfreechart-master\src\main\java\org\jfree\chart\block\EntityBlockResult.java,org.jfree.chart.block,EntityBlockResult,7
..\jfreechart-master\jfreechart-master\src\main\java\org\jfree\chart\block\FlowArrangement.java,org.jfree.chart.block,FlowArrangement,11
..\jfreechart-master\jfreechart-master\src\main\java\org\jfree\chart\block\GridArrangement.java,org.jfree.chart.block,GridArrangement,8
..\jfreechart-master\jfreechart-master\src\main\java\org\jfree\chart\block\LabelBlock.java,org.jfree.chart.block,LabelBlock,22
..\jfreechart-master\jfreechart-master\src\main\java\org\jfree\chart\block\LengthConstraintType.java,org.jfree.chart.block,LengthConstraintType,11
..\jfreechart-master\jfreechart-master\src\main\java\org\jfree\chart\block\LineBorder.java,org.jfree.chart.block,LineBorder,7
..\jfreechart-master\jfreechart-master\src\main\java\org\jfree\chart\block\package-info.java,org.jfree.chart.block,package-info,2
..\jfreechart-master\jfreechart-master\src\main\java\org\jfree\chart\block\RectangleConstraint.java,org.jfree.chart.block,RectangleConstraint,23
..\jfreechart-master\jfreechart-master\src\main\java\org\jfree\chart\block\Size2D.java,org.jfree.chart.block,Size2D,28
..\jfreechart-master\jfreechart-master\src\main\java\org\jfree\chart\ChartColor.java,org.jfree.chart,ChartColor,2
..\jfreechart-master\jfreechart-master\src\main\java\org\jfree\chart\ChartElement.java,org.jfree.chart,ChartElement,19
..\jfreechart-master\jfreechart-master\src\main\java\org\jfree\chart\ChartElementVisitor.java,org.jfree.chart,ChartElementVisitor,17
..\jfreechart-master\jfreechart-master\src\main\java\org\jfree\chart\ChartFactory.java,org.jfree.chart,ChartFactory,93
..\jfreechart-master\jfreechart-master\src\main\java\org\jfree\chart\ChartHints.java,org.jfree.chart,ChartHints,3
..\jfreechart-master\jfreechart-master\src\main\java\org\jfree\chart\ChartRenderingInfo.java,org.jfree.chart,ChartRenderingInfo,13
..\jfreechart-master\jfreechart-master\src\main\java\org\jfree\chart\ChartTheme.java,org.jfree.chart,ChartTheme,4
..\jfreechart-master\jfreechart-master\src\main\java\org\jfree\chart\ChartTransferable.java,org.jfree.chart,ChartTransferable,2
..\jfreechart-master\jfreechart-master\src\main\java\org\jfree\chart\ChartUtils.java,org.jfree.chart,ChartUtils,12
..\jfreechart-master\jfreechart-master\src\main\java\org\jfree\chart\date\MonthConstants.java,org.jfree.chart.date,MonthConstants,6
..\jfreechart-master\jfreechart-master\src\main\java\org\jfree\chart\date\package-info.java,org.jfree.chart.date,package-info,1
..\jfreechart-master\jfreechart-master\src\main\java\org\jfree\chart\date\SerialDate.java,org.jfree.chart.date,SerialDate,9
..\jfreechart-master\jfreechart-master\src\main\java\org\jfree\chart\date\SpreadsheetDate.java,org.jfree.chart.date,SpreadsheetDate,7
..\jfreechart-master\jfreechart-master\src\main\java\org\jfree\chart\Drawable.java,org.jfree.chart,Drawable,4
..\jfreechart-master\jfreechart-master\src\main\java\org\jfree\chart\encoders\EncoderUtil.java,org.jfree.chart.encoders,EncoderUtil,5
..\jfreechart-master\jfreechart-master\src\main\java\org\jfree\chart\encoders\ImageEncoder.java,org.jfree.chart.encoders,ImageEncoder,5
..\jfreechart-master\jfreechart-master\src\main\java\org\jfree\chart\encoders\ImageEncoderFactory.java,org.jfree.chart.encoders,ImageEncoderFactory,6
..\jfreechart-master\jfreechart-master\src\main\java\org\jfree\chart\encoders\ImageFormat.java,org.jfree.chart.encoders,ImageFormat,5
..\jfreechart-master\jfreechart-master\src\main\java\org\jfree\chart\encoders\package-info.java,org.jfree.chart.encoders,package-info,1
..\jfreechart-master\jfreechart-master\src\main\java\org\jfree\chart\encoders\SunJPEGEncoderAdapter.java,org.jfree.chart.encoders,SunJPEGEncoderAdapter,3
..\jfreechart-master\jfreechart-master\src\main\java\org\jfree\chart\encoders\SunPNGEncoderAdapter.java,org.jfree.chart.encoders,SunPNGEncoderAdapter,4
..\jfreechart-master\jfreechart-master\src\main\java\org\jfree\chart\entity\AxisEntity.java,org.jfree.chart.entity,AxisEntity,6
..\jfreechart-master\jfreechart-master\src\main\java\org\jfree\chart\entity\CategoryItemEntity.java,org.jfree.chart.entity,CategoryItemEntity,6
..\jfreechart-master\jfreechart-master\src\main\java\org\jfree\chart\entity\CategoryLabelEntity.java,org.jfree.chart.entity,CategoryLabelEntity,5
..\jfreechart-master\jfreechart-master\src\main\java\org\jfree\chart\entity\ChartEntity.java,org.jfree.chart.entity,ChartEntity,26
..\jfreechart-master\jfreechart-master\src\main\java\org\jfree\chart\entity\EntityCollection.java,org.jfree.chart.entity,EntityCollection,59
..\jfreechart-master\jfreechart-master\src\main\java\org\jfree\chart\entity\FlowEntity.java,org.jfree.chart.entity,FlowEntity,5
..\jfreechart-master\jfreechart-master\src\main\java\org\jfree\chart\entity\JFreeChartEntity.java,org.jfree.chart.entity,JFreeChartEntity,5
..\jfreechart-master\jfreechart-master\src\main\java\org\jfree\chart\entity\LegendItemEntity.java,org.jfree.chart.entity,LegendItemEntity,6
..\jfreechart-master\jfreechart-master\src\main\java\org\jfree\chart\entity\NodeEntity.java,org.jfree.chart.entity,NodeEntity,5
..\jfreechart-master\jfreechart-master\src\main\java\org\jfree\chart\entity\package-info.java,org.jfree.chart.entity,package-info,1
..\jfreechart-master\jfreechart-master\src\main\java\org\jfree\chart\entity\PieSectionEntity.java,org.jfree.chart.entity,PieSectionEntity,7
..\jfreechart-master\jfreechart-master\src\main\java\org\jfree\chart\entity\PlotEntity.java,org.jfree.chart.entity,PlotEntity,6
..\jfreechart-master\jfreechart-master\src\main\java\org\jfree\chart\entity\StandardEntityCollection.java,org.jfree.chart.entity,StandardEntityCollection,11
..\jfreechart-master\jfreechart-master\src\main\java\org\jfree\chart\entity\TickLabelEntity.java,org.jfree.chart.entity,TickLabelEntity,4
..\jfreechart-master\jfreechart-master\src\main\java\org\jfree\chart\entity\TitleEntity.java,org.jfree.chart.entity,TitleEntity,8
..\jfreechart-master\jfreechart-master\src\main\java\org\jfree\chart\entity\XYAnnotationEntity.java,org.jfree.chart.entity,XYAnnotationEntity,5
..\jfreechart-master\jfreechart-master\src\main\java\org\jfree\chart\entity\XYItemEntity.java,org.jfree.chart.entity,XYItemEntity,12
..\jfreechart-master\jfreechart-master\src\main\java\org\jfree\chart\event\AnnotationChangeEvent.java,org.jfree.chart.event,AnnotationChangeEvent,14
..\jfreechart-master\jfreechart-master\src\main\java\org\jfree\chart\event\AnnotationChangeListener.java,org.jfree.chart.event,AnnotationChangeListener,5
..\jfreechart-master\jfreechart-master\src\main\java\org\jfree\chart\event\AxisChangeEvent.java,org.jfree.chart.event,AxisChangeEvent,15
..\jfreechart-master\jfreechart-master\src\main\java\org\jfree\chart\event\AxisChangeListener.java,org.jfree.chart.event,AxisChangeListener,5
..\jfreechart-master\jfreechart-master\src\main\java\org\jfree\chart\event\ChartChangeEvent.java,org.jfree.chart.event,ChartChangeEvent,15
..\jfreechart-master\jfreechart-master\src\main\java\org\jfree\chart\event\ChartChangeEventType.java,org.jfree.chart.event,ChartChangeEventType,4
..\jfreechart-master\jfreechart-master\src\main\java\org\jfree\chart\event\ChartChangeListener.java,org.jfree.chart.event,ChartChangeListener,3
..\jfreechart-master\jfreechart-master\src\main\java\org\jfree\chart\event\ChartProgressEvent.java,org.jfree.chart.event,ChartProgressEvent,5
..\jfreechart-master\jfreechart-master\src\main\java\org\jfree\chart\event\ChartProgressEventType.java,org.jfree.chart.event,ChartProgressEventType,2
..\jfreechart-master\jfreechart-master\src\main\java\org\jfree\chart\event\ChartProgressListener.java,org.jfree.chart.event,ChartProgressListener,3
..\jfreechart-master\jfreechart-master\src\main\java\org\jfree\chart\event\MarkerChangeEvent.java,org.jfree.chart.event,MarkerChangeEvent,8
..\jfreechart-master\jfreechart-master\src\main\java\org\jfree\chart\event\MarkerChangeListener.java,org.jfree.chart.event,MarkerChangeListener,3
..\jfreechart-master\jfreechart-master\src\main\java\org\jfree\chart\event\package-info.java,org.jfree.chart.event,package-info,1
..\jfreechart-master\jfreechart-master\src\main\java\org\jfree\chart\event\PlotChangeEvent.java,org.jfree.chart.event,PlotChangeEvent,18
..\jfreechart-master\jfreechart-master\src\main\java\org\jfree\chart\event\PlotChangeListener.java,org.jfree.chart.event,PlotChangeListener,6
..\jfreechart-master\jfreechart-master\src\main\java\org\jfree\chart\event\RendererChangeEvent.java,org.jfree.chart.event,RendererChangeEvent,44
..\jfreechart-master\jfreechart-master\src\main\java\org\jfree\chart\event\RendererChangeListener.java,org.jfree.chart.event,RendererChangeListener,10
..\jfreechart-master\jfreechart-master\src\main\java\org\jfree\chart\event\TitleChangeEvent.java,org.jfree.chart.event,TitleChangeEvent,9
..\jfreechart-master\jfreechart-master\src\main\java\org\jfree\chart\event\TitleChangeListener.java,org.jfree.chart.event,TitleChangeListener,3
..\jfreechart-master\jfreechart-master\src\main\java\org\jfree\chart\imagemap\DynamicDriveToolTipTagFragmentGenerator.java,org.jfree.chart.imagemap,DynamicDriveToolTipTagFragmentGenerator,3
..\jfreechart-master\jfreechart-master\src\main\java\org\jfree\chart\imagemap\ImageMapUtils.java,org.jfree.chart.imagemap,ImageMapUtils,12
..\jfreechart-master\jfreechart-master\src\main\java\org\jfree\chart\imagemap\OverLIBToolTipTagFragmentGenerator.java,org.jfree.chart.imagemap,OverLIBToolTipTagFragmentGenerator,4
..\jfreechart-master\jfreechart-master\src\main\java\org\jfree\chart\imagemap\package-info.java,org.jfree.chart.imagemap,package-info,1
..\jfreechart-master\jfreechart-master\src\main\java\org\jfree\chart\imagemap\StandardToolTipTagFragmentGenerator.java,org.jfree.chart.imagemap,StandardToolTipTagFragmentGenerator,4
..\jfreechart-master\jfreechart-master\src\main\java\org\jfree\chart\imagemap\StandardURLTagFragmentGenerator.java,org.jfree.chart.imagemap,StandardURLTagFragmentGenerator,4
..\jfreechart-master\jfreechart-master\src\main\java\org\jfree\chart\imagemap\ToolTipTagFragmentGenerator.java,org.jfree.chart.imagemap,ToolTipTagFragmentGenerator,7
..\jfreechart-master\jfreechart-master\src\main\java\org\jfree\chart\imagemap\URLTagFragmentGenerator.java,org.jfree.chart.imagemap,URLTagFragmentGenerator,9
..\jfreechart-master\jfreechart-master\src\main\java\org\jfree\chart\internal\Args.java,org.jfree.chart.internal,Args,221
..\jfreechart-master\jfreechart-master\src\main\java\org\jfree\chart\internal\ArrayUtils.java,org.jfree.chart.internal,ArrayUtils,3
..\jfreechart-master\jfreechart-master\src\main\java\org\jfree\chart\internal\CloneUtils.java,org.jfree.chart.internal,CloneUtils,50
..\jfreechart-master\jfreechart-master\src\main\java\org\jfree\chart\internal\HashUtils.java,org.jfree.chart.internal,HashUtils,52
..\jfreechart-master\jfreechart-master\src\main\java\org\jfree\chart\internal\LineUtils.java,org.jfree.chart.internal,LineUtils,6
..\jfreechart-master\jfreechart-master\src\main\java\org\jfree\chart\internal\package-info.java,org.jfree.chart.internal,package-info,1
..\jfreechart-master\jfreechart-master\src\main\java\org\jfree\chart\internal\PaintUtils.java,org.jfree.chart.internal,PaintUtils,63
..\jfreechart-master\jfreechart-master\src\main\java\org\jfree\chart\internal\SerialUtils.java,org.jfree.chart.internal,SerialUtils,90
..\jfreechart-master\jfreechart-master\src\main\java\org\jfree\chart\internal\ShapeUtils.java,org.jfree.chart.internal,ShapeUtils,29
..\jfreechart-master\jfreechart-master\src\main\java\org\jfree\chart\JFreeChart.java,org.jfree.chart,JFreeChart,542
..\jfreechart-master\jfreechart-master\src\main\java\org\jfree\chart\labels\AbstractCategoryItemLabelGenerator.java,org.jfree.chart.labels,AbstractCategoryItemLabelGenerator,11
..\jfreechart-master\jfreechart-master\src\main\java\org\jfree\chart\labels\AbstractPieItemLabelGenerator.java,org.jfree.chart.labels,AbstractPieItemLabelGenerator,9
..\jfreechart-master\jfreechart-master\src\main\java\org\jfree\chart\labels\AbstractXYItemLabelGenerator.java,org.jfree.chart.labels,AbstractXYItemLabelGenerator,13
..\jfreechart-master\jfreechart-master\src\main\java\org\jfree\chart\labels\BoxAndWhiskerToolTipGenerator.java,org.jfree.chart.labels,BoxAndWhiskerToolTipGenerator,9
..\jfreechart-master\jfreechart-master\src\main\java\org\jfree\chart\labels\BoxAndWhiskerXYToolTipGenerator.java,org.jfree.chart.labels,BoxAndWhiskerXYToolTipGenerator,8
..\jfreechart-master\jfreechart-master\src\main\java\org\jfree\chart\labels\BubbleXYItemLabelGenerator.java,org.jfree.chart.labels,BubbleXYItemLabelGenerator,11
..\jfreechart-master\jfreechart-master\src\main\java\org\jfree\chart\labels\CategoryItemLabelGenerator.java,org.jfree.chart.labels,CategoryItemLabelGenerator,19
..\jfreechart-master\jfreechart-master\src\main\java\org\jfree\chart\labels\CategorySeriesLabelGenerator.java,org.jfree.chart.labels,CategorySeriesLabelGenerator,6
..\jfreechart-master\jfreechart-master\src\main\java\org\jfree\chart\labels\CategoryToolTipGenerator.java,org.jfree.chart.labels,CategoryToolTipGenerator,11
..\jfreechart-master\jfreechart-master\src\main\java\org\jfree\chart\labels\CrosshairLabelGenerator.java,org.jfree.chart.labels,CrosshairLabelGenerator,3
..\jfreechart-master\jfreechart-master\src\main\java\org\jfree\chart\labels\CustomXYToolTipGenerator.java,org.jfree.chart.labels,CustomXYToolTipGenerator,6
..\jfreechart-master\jfreechart-master\src\main\java\org\jfree\chart\labels\FlowLabelGenerator.java,org.jfree.chart.labels,FlowLabelGenerator,5
..\jfreechart-master\jfreechart-master\src\main\java\org\jfree\chart\labels\HighLowItemLabelGenerator.java,org.jfree.chart.labels,HighLowItemLabelGenerator,13
..\jfreechart-master\jfreechart-master\src\main\java\org\jfree\chart\labels\IntervalCategoryItemLabelGenerator.java,org.jfree.chart.labels,IntervalCategoryItemLabelGenerator,7
..\jfreechart-master\jfreechart-master\src\main\java\org\jfree\chart\labels\IntervalCategoryToolTipGenerator.java,org.jfree.chart.labels,IntervalCategoryToolTipGenerator,7
..\jfreechart-master\jfreechart-master\src\main\java\org\jfree\chart\labels\IntervalXYItemLabelGenerator.java,org.jfree.chart.labels,IntervalXYItemLabelGenerator,8
..\jfreechart-master\jfreechart-master\src\main\java\org\jfree\chart\labels\IntervalXYToolTipGenerator.java,org.jfree.chart.labels,IntervalXYToolTipGenerator,8
..\jfreechart-master\jfreechart-master\src\main\java\org\jfree\chart\labels\ItemLabelAnchor.java,org.jfree.chart.labels,ItemLabelAnchor,11
..\jfreechart-master\jfreechart-master\src\main\java\org\jfree\chart\labels\ItemLabelPosition.java,org.jfree.chart.labels,ItemLabelPosition,13
..\jfreechart-master\jfreechart-master\src\main\java\org\jfree\chart\labels\MultipleXYSeriesLabelGenerator.java,org.jfree.chart.labels,MultipleXYSeriesLabelGenerator,7
..\jfreechart-master\jfreechart-master\src\main\java\org\jfree\chart\labels\package-info.java,org.jfree.chart.labels,package-info,1
..\jfreechart-master\jfreechart-master\src\main\java\org\jfree\chart\labels\PieSectionLabelGenerator.java,org.jfree.chart.labels,PieSectionLabelGenerator,6
..\jfreechart-master\jfreechart-master\src\main\java\org\jfree\chart\labels\PieToolTipGenerator.java,org.jfree.chart.labels,PieToolTipGenerator,7
..\jfreechart-master\jfreechart-master\src\main\java\org\jfree\chart\labels\StandardCategoryItemLabelGenerator.java,org.jfree.chart.labels,StandardCategoryItemLabelGenerator,7
..\jfreechart-master\jfreechart-master\src\main\java\org\jfree\chart\labels\StandardCategorySeriesLabelGenerator.java,org.jfree.chart.labels,StandardCategorySeriesLabelGenerator,7
..\jfreechart-master\jfreechart-master\src\main\java\org\jfree\chart\labels\StandardCategoryToolTipGenerator.java,org.jfree.chart.labels,StandardCategoryToolTipGenerator,7
..\jfreechart-master\jfreechart-master\src\main\java\org\jfree\chart\labels\StandardCrosshairLabelGenerator.java,org.jfree.chart.labels,StandardCrosshairLabelGenerator,4
..\jfreechart-master\jfreechart-master\src\main\java\org\jfree\chart\labels\StandardFlowLabelGenerator.java,org.jfree.chart.labels,StandardFlowLabelGenerator,6
..\jfreechart-master\jfreechart-master\src\main\java\org\jfree\chart\labels\StandardPieSectionLabelGenerator.java,org.jfree.chart.labels,StandardPieSectionLabelGenerator,8
..\jfreechart-master\jfreechart-master\src\main\java\org\jfree\chart\labels\StandardPieToolTipGenerator.java,org.jfree.chart.labels,StandardPieToolTipGenerator,7
..\jfreechart-master\jfreechart-master\src\main\java\org\jfree\chart\labels\StandardXYItemLabelGenerator.java,org.jfree.chart.labels,StandardXYItemLabelGenerator,6
..\jfreechart-master\jfreechart-master\src\main\java\org\jfree\chart\labels\StandardXYSeriesLabelGenerator.java,org.jfree.chart.labels,StandardXYSeriesLabelGenerator,8
..\jfreechart-master\jfreechart-master\src\main\java\org\jfree\chart\labels\StandardXYToolTipGenerator.java,org.jfree.chart.labels,StandardXYToolTipGenerator,11
..\jfreechart-master\jfreechart-master\src\main\java\org\jfree\chart\labels\StandardXYZToolTipGenerator.java,org.jfree.chart.labels,StandardXYZToolTipGenerator,9
..\jfreechart-master\jfreechart-master\src\main\java\org\jfree\chart\labels\SymbolicXYItemLabelGenerator.java,org.jfree.chart.labels,SymbolicXYItemLabelGenerator,14
..\jfreechart-master\jfreechart-master\src\main\java\org\jfree\chart\labels\XYItemLabelGenerator.java,org.jfree.chart.labels,XYItemLabelGenerator,15
..\jfreechart-master\jfreechart-master\src\main\java\org\jfree\chart\labels\XYSeriesLabelGenerator.java,org.jfree.chart.labels,XYSeriesLabelGenerator,11
..\jfreechart-master\jfreechart-master\src\main\java\org\jfree\chart\labels\XYToolTipGenerator.java,org.jfree.chart.labels,XYToolTipGenerator,22
..\jfreechart-master\jfreechart-master\src\main\java\org\jfree\chart\labels\XYZToolTipGenerator.java,org.jfree.chart.labels,XYZToolTipGenerator,6
..\jfreechart-master\jfreechart-master\src\main\java\org\jfree\chart\legend\LegendGraphic.java,org.jfree.chart.legend,LegendGraphic,15
..\jfreechart-master\jfreechart-master\src\main\java\org\jfree\chart\legend\LegendItem.java,org.jfree.chart.legend,LegendItem,49
..\jfreechart-master\jfreechart-master\src\main\java\org\jfree\chart\legend\LegendItemBlockContainer.java,org.jfree.chart.legend,LegendItemBlockContainer,15
..\jfreechart-master\jfreechart-master\src\main\java\org\jfree\chart\legend\LegendItemCollection.java,org.jfree.chart.legend,LegendItemCollection,20
..\jfreechart-master\jfreechart-master\src\main\java\org\jfree\chart\legend\LegendItemSource.java,org.jfree.chart.legend,LegendItemSource,7
..\jfreechart-master\jfreechart-master\src\main\java\org\jfree\chart\legend\LegendRenderingOrder.java,org.jfree.chart.legend,LegendRenderingOrder,1
..\jfreechart-master\jfreechart-master\src\main\java\org\jfree\chart\legend\LegendTitle.java,org.jfree.chart.legend,LegendTitle,40
..\jfreechart-master\jfreechart-master\src\main\java\org\jfree\chart\legend\package-info.java,org.jfree.chart.legend,package-info,1
..\jfreechart-master\jfreechart-master\src\main\java\org\jfree\chart\legend\PaintScaleLegend.java,org.jfree.chart.legend,PaintScaleLegend,21
..\jfreechart-master\jfreechart-master\src\main\java\org\jfree\chart\package-info.java,org.jfree.chart,package-info,2
..\jfreechart-master\jfreechart-master\src\main\java\org\jfree\chart\plot\CategoryCrosshairState.java,org.jfree.chart.plot,CategoryCrosshairState,9
..\jfreechart-master\jfreechart-master\src\main\java\org\jfree\chart\plot\CategoryMarker.java,org.jfree.chart.plot,CategoryMarker,7
..\jfreechart-master\jfreechart-master\src\main\java\org\jfree\chart\plot\CategoryPlot.java,org.jfree.chart.plot,CategoryPlot,82
..\jfreechart-master\jfreechart-master\src\main\java\org\jfree\chart\plot\CenterTextMode.java,org.jfree.chart.plot,CenterTextMode,3
..\jfreechart-master\jfreechart-master\src\main\java\org\jfree\chart\plot\CombinedDomainCategoryPlot.java,org.jfree.chart.plot,CombinedDomainCategoryPlot,24
..\jfreechart-master\jfreechart-master\src\main\java\org\jfree\chart\plot\CombinedDomainXYPlot.java,org.jfree.chart.plot,CombinedDomainXYPlot,30
..\jfreechart-master\jfreechart-master\src\main\java\org\jfree\chart\plot\CombinedRangeCategoryPlot.java,org.jfree.chart.plot,CombinedRangeCategoryPlot,24
..\jfreechart-master\jfreechart-master\src\main\java\org\jfree\chart\plot\CombinedRangeXYPlot.java,org.jfree.chart.plot,CombinedRangeXYPlot,27
..\jfreechart-master\jfreechart-master\src\main\java\org\jfree\chart\plot\compass\ArrowNeedle.java,org.jfree.chart.plot.compass,ArrowNeedle,6
..\jfreechart-master\jfreechart-master\src\main\java\org\jfree\chart\plot\compass\CompassPlot.java,org.jfree.chart.plot.compass,CompassPlot,28
..\jfreechart-master\jfreechart-master\src\main\java\org\jfree\chart\plot\compass\LineNeedle.java,org.jfree.chart.plot.compass,LineNeedle,4
..\jfreechart-master\jfreechart-master\src\main\java\org\jfree\chart\plot\compass\LongNeedle.java,org.jfree.chart.plot.compass,LongNeedle,4
..\jfreechart-master\jfreechart-master\src\main\java\org\jfree\chart\plot\compass\MeterNeedle.java,org.jfree.chart.plot.compass,MeterNeedle,12
..\jfreechart-master\jfreechart-master\src\main\java\org\jfree\chart\plot\compass\MiddlePinNeedle.java,org.jfree.chart.plot.compass,MiddlePinNeedle,5
..\jfreechart-master\jfreechart-master\src\main\java\org\jfree\chart\plot\compass\package-info.java,org.jfree.chart.plot.compass,package-info,1
..\jfreechart-master\jfreechart-master\src\main\java\org\jfree\chart\plot\compass\PinNeedle.java,org.jfree.chart.plot.compass,PinNeedle,5
..\jfreechart-master\jfreechart-master\src\main\java\org\jfree\chart\plot\compass\PlumNeedle.java,org.jfree.chart.plot.compass,PlumNeedle,4
..\jfreechart-master\jfreechart-master\src\main\java\org\jfree\chart\plot\compass\PointerNeedle.java,org.jfree.chart.plot.compass,PointerNeedle,4
..\jfreechart-master\jfreechart-master\src\main\java\org\jfree\chart\plot\compass\ShipNeedle.java,org.jfree.chart.plot.compass,ShipNeedle,4
..\jfreechart-master\jfreechart-master\src\main\java\org\jfree\chart\plot\compass\WindNeedle.java,org.jfree.chart.plot.compass,WindNeedle,3
..\jfreechart-master\jfreechart-master\src\main\java\org\jfree\chart\plot\Crosshair.java,org.jfree.chart.plot,Crosshair,50
..\jfreechart-master\jfreechart-master\src\main\java\org\jfree\chart\plot\CrosshairState.java,org.jfree.chart.plot,CrosshairState,40
..\jfreechart-master\jfreechart-master\src\main\java\org\jfree\chart\plot\DatasetRenderingOrder.java,org.jfree.chart.plot,DatasetRenderingOrder,4
..\jfreechart-master\jfreechart-master\src\main\java\org\jfree\chart\plot\DefaultDrawingSupplier.java,org.jfree.chart.plot,DefaultDrawingSupplier,9
..\jfreechart-master\jfreechart-master\src\main\java\org\jfree\chart\plot\dial\AbstractDialLayer.java,org.jfree.chart.plot.dial,AbstractDialLayer,15
..\jfreechart-master\jfreechart-master\src\main\java\org\jfree\chart\plot\dial\ArcDialFrame.java,org.jfree.chart.plot.dial,ArcDialFrame,11
..\jfreechart-master\jfreechart-master\src\main\java\org\jfree\chart\plot\dial\DialBackground.java,org.jfree.chart.plot.dial,DialBackground,15
..\jfreechart-master\jfreechart-master\src\main\java\org\jfree\chart\plot\dial\DialCap.java,org.jfree.chart.plot.dial,DialCap,11
..\jfreechart-master\jfreechart-master\src\main\java\org\jfree\chart\plot\dial\DialFrame.java,org.jfree.chart.plot.dial,DialFrame,6
..\jfreechart-master\jfreechart-master\src\main\java\org\jfree\chart\plot\dial\DialLayer.java,org.jfree.chart.plot.dial,DialLayer,15
..\jfreechart-master\jfreechart-master\src\main\java\org\jfree\chart\plot\dial\DialLayerChangeEvent.java,org.jfree.chart.plot.dial,DialLayerChangeEvent,14
..\jfreechart-master\jfreechart-master\src\main\java\org\jfree\chart\plot\dial\DialLayerChangeListener.java,org.jfree.chart.plot.dial,DialLayerChangeListener,4
..\jfreechart-master\jfreechart-master\src\main\java\org\jfree\chart\plot\dial\DialPlot.java,org.jfree.chart.plot.dial,DialPlot,24
..\jfreechart-master\jfreechart-master\src\main\java\org\jfree\chart\plot\dial\DialPointer.java,org.jfree.chart.plot.dial,DialPointer,13
..\jfreechart-master\jfreechart-master\src\main\java\org\jfree\chart\plot\dial\DialScale.java,org.jfree.chart.plot.dial,DialScale,8
..\jfreechart-master\jfreechart-master\src\main\java\org\jfree\chart\plot\dial\DialTextAnnotation.java,org.jfree.chart.plot.dial,DialTextAnnotation,14
..\jfreechart-master\jfreechart-master\src\main\java\org\jfree\chart\plot\dial\DialValueIndicator.java,org.jfree.chart.plot.dial,DialValueIndicator,18
..\jfreechart-master\jfreechart-master\src\main\java\org\jfree\chart\plot\dial\package-info.java,org.jfree.chart.plot.dial,package-info,1
..\jfreechart-master\jfreechart-master\src\main\java\org\jfree\chart\plot\dial\StandardDialFrame.java,org.jfree.chart.plot.dial,StandardDialFrame,11
..\jfreechart-master\jfreechart-master\src\main\java\org\jfree\chart\plot\dial\StandardDialRange.java,org.jfree.chart.plot.dial,StandardDialRange,12
..\jfreechart-master\jfreechart-master\src\main\java\org\jfree\chart\plot\dial\StandardDialScale.java,org.jfree.chart.plot.dial,StandardDialScale,14
..\jfreechart-master\jfreechart-master\src\main\java\org\jfree\chart\plot\DialShape.java,org.jfree.chart.plot,DialShape,2
..\jfreechart-master\jfreechart-master\src\main\java\org\jfree\chart\plot\DrawingSupplier.java,org.jfree.chart.plot,DrawingSupplier,11
..\jfreechart-master\jfreechart-master\src\main\java\org\jfree\chart\plot\FastScatterPlot.java,org.jfree.chart.plot,FastScatterPlot,28
..\jfreechart-master\jfreechart-master\src\main\java\org\jfree\chart\plot\flow\FlowPlot.java,org.jfree.chart.plot.flow,FlowPlot,21
..\jfreechart-master\jfreechart-master\src\main\java\org\jfree\chart\plot\flow\package-info.java,org.jfree.chart.plot.flow,package-info,1
..\jfreechart-master\jfreechart-master\src\main\java\org\jfree\chart\plot\IntervalMarker.java,org.jfree.chart.plot,IntervalMarker,8
..\jfreechart-master\jfreechart-master\src\main\java\org\jfree\chart\plot\Marker.java,org.jfree.chart.plot,Marker,20
..\jfreechart-master\jfreechart-master\src\main\java\org\jfree\chart\plot\MeterInterval.java,org.jfree.chart.plot,MeterInterval,6
..\jfreechart-master\jfreechart-master\src\main\java\org\jfree\chart\plot\MeterPlot.java,org.jfree.chart.plot,MeterPlot,23
..\jfreechart-master\jfreechart-master\src\main\java\org\jfree\chart\plot\package-info.java,org.jfree.chart.plot,package-info,1
..\jfreechart-master\jfreechart-master\src\main\java\org\jfree\chart\plot\Pannable.java,org.jfree.chart.plot,Pannable,8
..\jfreechart-master\jfreechart-master\src\main\java\org\jfree\chart\plot\pie\AbstractPieLabelDistributor.java,org.jfree.chart.plot.pie,AbstractPieLabelDistributor,5
..\jfreechart-master\jfreechart-master\src\main\java\org\jfree\chart\plot\pie\MultiplePiePlot.java,org.jfree.chart.plot.pie,MultiplePiePlot,29
..\jfreechart-master\jfreechart-master\src\main\java\org\jfree\chart\plot\pie\package-info.java,org.jfree.chart.plot.pie,package-info,1
..\jfreechart-master\jfreechart-master\src\main\java\org\jfree\chart\plot\pie\PieLabelDistributor.java,org.jfree.chart.plot.pie,PieLabelDistributor,4
..\jfreechart-master\jfreechart-master\src\main\java\org\jfree\chart\plot\pie\PieLabelLinkStyle.java,org.jfree.chart.plot.pie,PieLabelLinkStyle,3
..\jfreechart-master\jfreechart-master\src\main\java\org\jfree\chart\plot\pie\PieLabelRecord.java,org.jfree.chart.plot.pie,PieLabelRecord,4
..\jfreechart-master\jfreechart-master\src\main\java\org\jfree\chart\plot\pie\PiePlot.java,org.jfree.chart.plot.pie,PiePlot,47
..\jfreechart-master\jfreechart-master\src\main\java\org\jfree\chart\plot\pie\PiePlotState.java,org.jfree.chart.plot.pie,PiePlotState,6
..\jfreechart-master\jfreechart-master\src\main\java\org\jfree\chart\plot\Plot.java,org.jfree.chart.plot,Plot,186
..\jfreechart-master\jfreechart-master\src\main\java\org\jfree\chart\plot\PlotOrientation.java,org.jfree.chart.plot,PlotOrientation,74
..\jfreechart-master\jfreechart-master\src\main\java\org\jfree\chart\plot\PlotRenderingInfo.java,org.jfree.chart.plot,PlotRenderingInfo,79
..\jfreechart-master\jfreechart-master\src\main\java\org\jfree\chart\plot\PlotState.java,org.jfree.chart.plot,PlotState,20
..\jfreechart-master\jfreechart-master\src\main\java\org\jfree\chart\plot\PolarAxisLocation.java,org.jfree.chart.plot,PolarAxisLocation,5
..\jfreechart-master\jfreechart-master\src\main\java\org\jfree\chart\plot\PolarPlot.java,org.jfree.chart.plot,PolarPlot,44
..\jfreechart-master\jfreechart-master\src\main\java\org\jfree\chart\plot\RingPlot.java,org.jfree.chart.plot,RingPlot,24
..\jfreechart-master\jfreechart-master\src\main\java\org\jfree\chart\plot\SeriesRenderingOrder.java,org.jfree.chart.plot,SeriesRenderingOrder,4
..\jfreechart-master\jfreechart-master\src\main\java\org\jfree\chart\plot\SpiderWebPlot.java,org.jfree.chart.plot,SpiderWebPlot,30
..\jfreechart-master\jfreechart-master\src\main\java\org\jfree\chart\plot\ThermometerPlot.java,org.jfree.chart.plot,ThermometerPlot,32
..\jfreechart-master\jfreechart-master\src\main\java\org\jfree\chart\plot\ValueAxisPlot.java,org.jfree.chart.plot,ValueAxisPlot,14
..\jfreechart-master\jfreechart-master\src\main\java\org\jfree\chart\plot\ValueMarker.java,org.jfree.chart.plot,ValueMarker,7
..\jfreechart-master\jfreechart-master\src\main\java\org\jfree\chart\plot\WaferMapPlot.java,org.jfree.chart.plot,WaferMapPlot,19
..\jfreechart-master\jfreechart-master\src\main\java\org\jfree\chart\plot\XYCrosshairState.java,org.jfree.chart.plot,XYCrosshairState,6
..\jfreechart-master\jfreechart-master\src\main\java\org\jfree\chart\plot\XYPlot.java,org.jfree.chart.plot,XYPlot,96
..\jfreechart-master\jfreechart-master\src\main\java\org\jfree\chart\plot\Zoomable.java,org.jfree.chart.plot,Zoomable,11
..\jfreechart-master\jfreechart-master\src\main\java\org\jfree\chart\renderer\AbstractRenderer.java,org.jfree.chart.renderer,AbstractRenderer,31
..\jfreechart-master\jfreechart-master\src\main\java\org\jfree\chart\renderer\AreaRendererEndType.java,org.jfree.chart.renderer,AreaRendererEndType,2
..\jfreechart-master\jfreechart-master\src\main\java\org\jfree\chart\renderer\category\AbstractCategoryItemRenderer.java,org.jfree.chart.renderer.category,AbstractCategoryItemRenderer,55
..\jfreechart-master\jfreechart-master\src\main\java\org\jfree\chart\renderer\category\AreaRenderer.java,org.jfree.chart.renderer.category,AreaRenderer,27
..\jfreechart-master\jfreechart-master\src\main\java\org\jfree\chart\renderer\category\BarPainter.java,org.jfree.chart.renderer.category,BarPainter,15
..\jfreechart-master\jfreechart-master\src\main\java\org\jfree\chart\renderer\category\BarRenderer.java,org.jfree.chart.renderer.category,BarRenderer,54
..\jfreechart-master\jfreechart-master\src\main\java\org\jfree\chart\renderer\category\BoxAndWhiskerRenderer.java,org.jfree.chart.renderer.category,BoxAndWhiskerRenderer,26
..\jfreechart-master\jfreechart-master\src\main\java\org\jfree\chart\renderer\category\CategoryItemRenderer.java,org.jfree.chart.renderer.category,CategoryItemRenderer,46
..\jfreechart-master\jfreechart-master\src\main\java\org\jfree\chart\renderer\category\CategoryItemRendererState.java,org.jfree.chart.renderer.category,CategoryItemRendererState,23
..\jfreechart-master\jfreechart-master\src\main\java\org\jfree\chart\renderer\category\CategoryStepRenderer.java,org.jfree.chart.renderer.category,CategoryStepRenderer,17
..\jfreechart-master\jfreechart-master\src\main\java\org\jfree\chart\renderer\category\DefaultCategoryItemRenderer.java,org.jfree.chart.renderer.category,DefaultCategoryItemRenderer,4
..\jfreechart-master\jfreechart-master\src\main\java\org\jfree\chart\renderer\category\GanttRenderer.java,org.jfree.chart.renderer.category,GanttRenderer,28
..\jfreechart-master\jfreechart-master\src\main\java\org\jfree\chart\renderer\category\GradientBarPainter.java,org.jfree.chart.renderer.category,GradientBarPainter,8
..\jfreechart-master\jfreechart-master\src\main\java\org\jfree\chart\renderer\category\GroupedStackedBarRenderer.java,org.jfree.chart.renderer.category,GroupedStackedBarRenderer,22
..\jfreechart-master\jfreechart-master\src\main\java\org\jfree\chart\renderer\category\IntervalBarRenderer.java,org.jfree.chart.renderer.category,IntervalBarRenderer,19
..\jfreechart-master\jfreechart-master\src\main\java\org\jfree\chart\renderer\category\LayeredBarRenderer.java,org.jfree.chart.renderer.category,LayeredBarRenderer,17
..\jfreechart-master\jfreechart-master\src\main\java\org\jfree\chart\renderer\category\LevelRenderer.java,org.jfree.chart.renderer.category,LevelRenderer,22
..\jfreechart-master\jfreechart-master\src\main\java\org\jfree\chart\renderer\category\LineAndShapeRenderer.java,org.jfree.chart.renderer.category,LineAndShapeRenderer,33
..\jfreechart-master\jfreechart-master\src\main\java\org\jfree\chart\renderer\category\MinMaxCategoryRenderer.java,org.jfree.chart.renderer.category,MinMaxCategoryRenderer,16
..\jfreechart-master\jfreechart-master\src\main\java\org\jfree\chart\renderer\category\package-info.java,org.jfree.chart.renderer.category,package-info,1
..\jfreechart-master\jfreechart-master\src\main\java\org\jfree\chart\renderer\category\ScatterRenderer.java,org.jfree.chart.renderer.category,ScatterRenderer,18
..\jfreechart-master\jfreechart-master\src\main\java\org\jfree\chart\renderer\category\StackedAreaRenderer.java,org.jfree.chart.renderer.category,StackedAreaRenderer,19
..\jfreechart-master\jfreechart-master\src\main\java\org\jfree\chart\renderer\category\StackedBarRenderer.java,org.jfree.chart.renderer.category,StackedBarRenderer,24
..\jfreechart-master\jfreechart-master\src\main\java\org\jfree\chart\renderer\category\StandardBarPainter.java,org.jfree.chart.renderer.category,StandardBarPainter,7
..\jfreechart-master\jfreechart-master\src\main\java\org\jfree\chart\renderer\category\StatisticalBarRenderer.java,org.jfree.chart.renderer.category,StatisticalBarRenderer,23
..\jfreechart-master\jfreechart-master\src\main\java\org\jfree\chart\renderer\category\StatisticalLineAndShapeRenderer.java,org.jfree.chart.renderer.category,StatisticalLineAndShapeRenderer,22
..\jfreechart-master\jfreechart-master\src\main\java\org\jfree\chart\renderer\category\WaterfallBarRenderer.java,org.jfree.chart.renderer.category,WaterfallBarRenderer,25
..\jfreechart-master\jfreechart-master\src\main\java\org\jfree\chart\renderer\DefaultPolarItemRenderer.java,org.jfree.chart.renderer,DefaultPolarItemRenderer,29
..\jfreechart-master\jfreechart-master\src\main\java\org\jfree\chart\renderer\GrayPaintScale.java,org.jfree.chart.renderer,GrayPaintScale,4
..\jfreechart-master\jfreechart-master\src\main\java\org\jfree\chart\renderer\LookupPaintScale.java,org.jfree.chart.renderer,LookupPaintScale,8
..\jfreechart-master\jfreechart-master\src\main\java\org\jfree\chart\renderer\NotOutlierException.java,org.jfree.chart.renderer,NotOutlierException,4
..\jfreechart-master\jfreechart-master\src\main\java\org\jfree\chart\renderer\Outlier.java,org.jfree.chart.renderer,Outlier,12
..\jfreechart-master\jfreechart-master\src\main\java\org\jfree\chart\renderer\OutlierList.java,org.jfree.chart.renderer,OutlierList,5
..\jfreechart-master\jfreechart-master\src\main\java\org\jfree\chart\renderer\OutlierListCollection.java,org.jfree.chart.renderer,OutlierListCollection,5
..\jfreechart-master\jfreechart-master\src\main\java\org\jfree\chart\renderer\package-info.java,org.jfree.chart.renderer,package-info,2
..\jfreechart-master\jfreechart-master\src\main\java\org\jfree\chart\renderer\PaintScale.java,org.jfree.chart.renderer,PaintScale,10
..\jfreechart-master\jfreechart-master\src\main\java\org\jfree\chart\renderer\PolarItemRenderer.java,org.jfree.chart.renderer,PolarItemRenderer,17
..\jfreechart-master\jfreechart-master\src\main\java\org\jfree\chart\renderer\RendererState.java,org.jfree.chart.renderer,RendererState,52
..\jfreechart-master\jfreechart-master\src\main\java\org\jfree\chart\renderer\RendererUtils.java,org.jfree.chart.renderer,RendererUtils,7
..\jfreechart-master\jfreechart-master\src\main\java\org\jfree\chart\renderer\WaferMapRenderer.java,org.jfree.chart.renderer,WaferMapRenderer,13
..\jfreechart-master\jfreechart-master\src\main\java\org\jfree\chart\renderer\xy\AbstractXYItemRenderer.java,org.jfree.chart.renderer.xy,AbstractXYItemRenderer,66
..\jfreechart-master\jfreechart-master\src\main\java\org\jfree\chart\renderer\xy\CandlestickRenderer.java,org.jfree.chart.renderer.xy,CandlestickRenderer,29
..\jfreechart-master\jfreechart-master\src\main\java\org\jfree\chart\renderer\xy\ClusteredXYBarRenderer.java,org.jfree.chart.renderer.xy,ClusteredXYBarRenderer,26
..\jfreechart-master\jfreechart-master\src\main\java\org\jfree\chart\renderer\xy\CyclicXYItemRenderer.java,org.jfree.chart.renderer.xy,CyclicXYItemRenderer,20
..\jfreechart-master\jfreechart-master\src\main\java\org\jfree\chart\renderer\xy\DefaultXYItemRenderer.java,org.jfree.chart.renderer.xy,DefaultXYItemRenderer,6
..\jfreechart-master\jfreechart-master\src\main\java\org\jfree\chart\renderer\xy\DeviationRenderer.java,org.jfree.chart.renderer.xy,DeviationRenderer,24
..\jfreechart-master\jfreechart-master\src\main\java\org\jfree\chart\renderer\xy\DeviationStepRenderer.java,org.jfree.chart.renderer.xy,DeviationStepRenderer,22
..\jfreechart-master\jfreechart-master\src\main\java\org\jfree\chart\renderer\xy\GradientXYBarPainter.java,org.jfree.chart.renderer.xy,GradientXYBarPainter,10
..\jfreechart-master\jfreechart-master\src\main\java\org\jfree\chart\renderer\xy\HighLowRenderer.java,org.jfree.chart.renderer.xy,HighLowRenderer,26
..\jfreechart-master\jfreechart-master\src\main\java\org\jfree\chart\renderer\xy\package-info.java,org.jfree.chart.renderer.xy,package-info,2
..\jfreechart-master\jfreechart-master\src\main\java\org\jfree\chart\renderer\xy\SamplingXYLineRenderer.java,org.jfree.chart.renderer.xy,SamplingXYLineRenderer,22
..\jfreechart-master\jfreechart-master\src\main\java\org\jfree\chart\renderer\xy\StackedXYAreaRenderer.java,org.jfree.chart.renderer.xy,StackedXYAreaRenderer,31
..\jfreechart-master\jfreechart-master\src\main\java\org\jfree\chart\renderer\xy\StackedXYAreaRenderer2.java,org.jfree.chart.renderer.xy,StackedXYAreaRenderer2,26
..\jfreechart-master\jfreechart-master\src\main\java\org\jfree\chart\renderer\xy\StackedXYBarRenderer.java,org.jfree.chart.renderer.xy,StackedXYBarRenderer,29
..\jfreechart-master\jfreechart-master\src\main\java\org\jfree\chart\renderer\xy\StandardXYBarPainter.java,org.jfree.chart.renderer.xy,StandardXYBarPainter,9
..\jfreechart-master\jfreechart-master\src\main\java\org\jfree\chart\renderer\xy\StandardXYItemRenderer.java,org.jfree.chart.renderer.xy,StandardXYItemRenderer,34
..\jfreechart-master\jfreechart-master\src\main\java\org\jfree\chart\renderer\xy\VectorRenderer.java,org.jfree.chart.renderer.xy,VectorRenderer,20
..\jfreechart-master\jfreechart-master\src\main\java\org\jfree\chart\renderer\xy\WindItemRenderer.java,org.jfree.chart.renderer.xy,WindItemRenderer,19
..\jfreechart-master\jfreechart-master\src\main\java\org\jfree\chart\renderer\xy\XYAreaRenderer.java,org.jfree.chart.renderer.xy,XYAreaRenderer,35
..\jfreechart-master\jfreechart-master\src\main\java\org\jfree\chart\renderer\xy\XYAreaRenderer2.java,org.jfree.chart.renderer.xy,XYAreaRenderer2,31
..\jfreechart-master\jfreechart-master\src\main\java\org\jfree\chart\renderer\xy\XYBarPainter.java,org.jfree.chart.renderer.xy,XYBarPainter,9
..\jfreechart-master\jfreechart-master\src\main\java\org\jfree\chart\renderer\xy\XYBarRenderer.java,org.jfree.chart.renderer.xy,XYBarRenderer,42
..\jfreechart-master\jfreechart-master\src\main\java\org\jfree\chart\renderer\xy\XYBlockRenderer.java,org.jfree.chart.renderer.xy,XYBlockRenderer,27
..\jfreechart-master\jfreechart-master\src\main\java\org\jfree\chart\renderer\xy\XYBoxAndWhiskerRenderer.java,org.jfree.chart.renderer.xy,XYBoxAndWhiskerRenderer,28
..\jfreechart-master\jfreechart-master\src\main\java\org\jfree\chart\renderer\xy\XYBubbleRenderer.java,org.jfree.chart.renderer.xy,XYBubbleRenderer,25
..\jfreechart-master\jfreechart-master\src\main\java\org\jfree\chart\renderer\xy\XYDifferenceRenderer.java,org.jfree.chart.renderer.xy,XYDifferenceRenderer,31
..\jfreechart-master\jfreechart-master\src\main\java\org\jfree\chart\renderer\xy\XYDotRenderer.java,org.jfree.chart.renderer.xy,XYDotRenderer,25
..\jfreechart-master\jfreechart-master\src\main\java\org\jfree\chart\renderer\xy\XYErrorRenderer.java,org.jfree.chart.renderer.xy,XYErrorRenderer,21
..\jfreechart-master\jfreechart-master\src\main\java\org\jfree\chart\renderer\xy\XYItemRenderer.java,org.jfree.chart.renderer.xy,XYItemRenderer,56
..\jfreechart-master\jfreechart-master\src\main\java\org\jfree\chart\renderer\xy\XYItemRendererState.java,org.jfree.chart.renderer.xy,XYItemRendererState,33
..\jfreechart-master\jfreechart-master\src\main\java\org\jfree\chart\renderer\xy\XYLineAndShapeRenderer.java,org.jfree.chart.renderer.xy,XYLineAndShapeRenderer,39
..\jfreechart-master\jfreechart-master\src\main\java\org\jfree\chart\renderer\xy\XYShapeRenderer.java,org.jfree.chart.renderer.xy,XYShapeRenderer,29
..\jfreechart-master\jfreechart-master\src\main\java\org\jfree\chart\renderer\xy\XYSplineRenderer.java,org.jfree.chart.renderer.xy,XYSplineRenderer,22
..\jfreechart-master\jfreechart-master\src\main\java\org\jfree\chart\renderer\xy\XYStepAreaRenderer.java,org.jfree.chart.renderer.xy,XYStepAreaRenderer,25
..\jfreechart-master\jfreechart-master\src\main\java\org\jfree\chart\renderer\xy\XYStepRenderer.java,org.jfree.chart.renderer.xy,XYStepRenderer,29
..\jfreechart-master\jfreechart-master\src\main\java\org\jfree\chart\renderer\xy\YIntervalRenderer.java,org.jfree.chart.renderer.xy,YIntervalRenderer,28
..\jfreechart-master\jfreechart-master\src\main\java\org\jfree\chart\StandardChartTheme.java,org.jfree.chart,StandardChartTheme,55
..\jfreechart-master\jfreechart-master\src\main\java\org\jfree\chart\swing\AbstractOverlay.java,org.jfree.chart.swing,AbstractOverlay,8
..\jfreechart-master\jfreechart-master\src\main\java\org\jfree\chart\swing\ApplicationFrame.java,org.jfree.chart.swing,ApplicationFrame,1
..\jfreechart-master\jfreechart-master\src\main\java\org\jfree\chart\swing\ChartFrame.java,org.jfree.chart.swing,ChartFrame,2
..\jfreechart-master\jfreechart-master\src\main\java\org\jfree\chart\swing\ChartMouseEvent.java,org.jfree.chart.swing,ChartMouseEvent,4
..\jfreechart-master\jfreechart-master\src\main\java\org\jfree\chart\swing\ChartMouseListener.java,org.jfree.chart.swing,ChartMouseListener,3
..\jfreechart-master\jfreechart-master\src\main\java\org\jfree\chart\swing\ChartPanel.java,org.jfree.chart.swing,ChartPanel,31
..\jfreechart-master\jfreechart-master\src\main\java\org\jfree\chart\swing\CrosshairOverlay.java,org.jfree.chart.swing,CrosshairOverlay,19
..\jfreechart-master\jfreechart-master\src\main\java\org\jfree\chart\swing\DefaultSelectionZoomStrategy.java,org.jfree.chart.swing,DefaultSelectionZoomStrategy,4
..\jfreechart-master\jfreechart-master\src\main\java\org\jfree\chart\swing\editor\ChartEditor.java,org.jfree.chart.swing.editor,ChartEditor,6
..\jfreechart-master\jfreechart-master\src\main\java\org\jfree\chart\swing\editor\ChartEditorFactory.java,org.jfree.chart.swing.editor,ChartEditorFactory,4
..\jfreechart-master\jfreechart-master\src\main\java\org\jfree\chart\swing\editor\ChartEditorManager.java,org.jfree.chart.swing.editor,ChartEditorManager,7
..\jfreechart-master\jfreechart-master\src\main\java\org\jfree\chart\swing\editor\DefaultAxisEditor.java,org.jfree.chart.swing.editor,DefaultAxisEditor,15
..\jfreechart-master\jfreechart-master\src\main\java\org\jfree\chart\swing\editor\DefaultChartEditor.java,org.jfree.chart.swing.editor,DefaultChartEditor,12
..\jfreechart-master\jfreechart-master\src\main\java\org\jfree\chart\swing\editor\DefaultChartEditorFactory.java,org.jfree.chart.swing.editor,DefaultChartEditorFactory,4
..\jfreechart-master\jfreechart-master\src\main\java\org\jfree\chart\swing\editor\DefaultLogAxisEditor.java,org.jfree.chart.swing.editor,DefaultLogAxisEditor,7
..\jfreechart-master\jfreechart-master\src\main\java\org\jfree\chart\swing\editor\DefaultNumberAxisEditor.java,org.jfree.chart.swing.editor,DefaultNumberAxisEditor,8
..\jfreechart-master\jfreechart-master\src\main\java\org\jfree\chart\swing\editor\DefaultPlotEditor.java,org.jfree.chart.swing.editor,DefaultPlotEditor,20
..\jfreechart-master\jfreechart-master\src\main\java\org\jfree\chart\swing\editor\DefaultPolarPlotEditor.java,org.jfree.chart.swing.editor,DefaultPolarPlotEditor,9
..\jfreechart-master\jfreechart-master\src\main\java\org\jfree\chart\swing\editor\DefaultTitleEditor.java,org.jfree.chart.swing.editor,DefaultTitleEditor,8
..\jfreechart-master\jfreechart-master\src\main\java\org\jfree\chart\swing\editor\DefaultValueAxisEditor.java,org.jfree.chart.swing.editor,DefaultValueAxisEditor,12
..\jfreechart-master\jfreechart-master\src\main\java\org\jfree\chart\swing\editor\FontChooserPanel.java,org.jfree.chart.swing.editor,FontChooserPanel,4
..\jfreechart-master\jfreechart-master\src\main\java\org\jfree\chart\swing\editor\FontDisplayField.java,org.jfree.chart.swing.editor,FontDisplayField,3
..\jfreechart-master\jfreechart-master\src\main\java\org\jfree\chart\swing\editor\LCBLayout.java,org.jfree.chart.swing.editor,LCBLayout,8
..\jfreechart-master\jfreechart-master\src\main\java\org\jfree\chart\swing\editor\package-info.java,org.jfree.chart.swing.editor,package-info,1
..\jfreechart-master\jfreechart-master\src\main\java\org\jfree\chart\swing\editor\PaintSample.java,org.jfree.chart.swing.editor,PaintSample,6
..\jfreechart-master\jfreechart-master\src\main\java\org\jfree\chart\swing\editor\StrokeChooserPanel.java,org.jfree.chart.swing.editor,StrokeChooserPanel,4
..\jfreechart-master\jfreechart-master\src\main\java\org\jfree\chart\swing\editor\StrokeSample.java,org.jfree.chart.swing.editor,StrokeSample,4
..\jfreechart-master\jfreechart-master\src\main\java\org\jfree\chart\swing\MouseWheelHandler.java,org.jfree.chart.swing,MouseWheelHandler,8
..\jfreechart-master\jfreechart-master\src\main\java\org\jfree\chart\swing\NumberCellRenderer.java,org.jfree.chart.swing,NumberCellRenderer,3
..\jfreechart-master\jfreechart-master\src\main\java\org\jfree\chart\swing\Overlay.java,org.jfree.chart.swing,Overlay,7
..\jfreechart-master\jfreechart-master\src\main\java\org\jfree\chart\swing\OverlayChangeEvent.java,org.jfree.chart.swing,OverlayChangeEvent,5
..\jfreechart-master\jfreechart-master\src\main\java\org\jfree\chart\swing\OverlayChangeListener.java,org.jfree.chart.swing,OverlayChangeListener,4
..\jfreechart-master\jfreechart-master\src\main\java\org\jfree\chart\swing\package-info.java,org.jfree.chart.swing,package-info,1
..\jfreechart-master\jfreechart-master\src\main\java\org\jfree\chart\swing\PolarChartPanel.java,org.jfree.chart.swing,PolarChartPanel,6
..\jfreechart-master\jfreechart-master\src\main\java\org\jfree\chart\swing\SelectionZoomStrategy.java,org.jfree.chart.swing,SelectionZoomStrategy,3
..\jfreechart-master\jfreechart-master\src\main\java\org\jfree\chart\swing\UIUtils.java,org.jfree.chart.swing,UIUtils,2
..\jfreechart-master\jfreechart-master\src\main\java\org\jfree\chart\text\AttributedStringUtils.java,org.jfree.chart.text,AttributedStringUtils,4
..\jfreechart-master\jfreechart-master\src\main\java\org\jfree\chart\text\format\HexNumberFormat.java,org.jfree.chart.text.format,HexNumberFormat,1
..\jfreechart-master\jfreechart-master\src\main\java\org\jfree\chart\text\format\HMSNumberFormat.java,org.jfree.chart.text.format,HMSNumberFormat,1
..\jfreechart-master\jfreechart-master\src\main\java\org\jfree\chart\text\format\LogFormat.java,org.jfree.chart.text.format,LogFormat,2
..\jfreechart-master\jfreechart-master\src\main\java\org\jfree\chart\text\format\package-info.java,org.jfree.chart.text.format,package-info,1
..\jfreechart-master\jfreechart-master\src\main\java\org\jfree\chart\text\format\RelativeDateFormat.java,org.jfree.chart.text.format,RelativeDateFormat,6
..\jfreechart-master\jfreechart-master\src\main\java\org\jfree\chart\text\G2TextMeasurer.java,org.jfree.chart.text,G2TextMeasurer,6
..\jfreechart-master\jfreechart-master\src\main\java\org\jfree\chart\text\package-info.java,org.jfree.chart.text,package-info,1
..\jfreechart-master\jfreechart-master\src\main\java\org\jfree\chart\text\TextAnchor.java,org.jfree.chart.text,TextAnchor,48
..\jfreechart-master\jfreechart-master\src\main\java\org\jfree\chart\text\TextBlock.java,org.jfree.chart.text,TextBlock,18
..\jfreechart-master\jfreechart-master\src\main\java\org\jfree\chart\text\TextBlockAnchor.java,org.jfree.chart.text,TextBlockAnchor,9
..\jfreechart-master\jfreechart-master\src\main\java\org\jfree\chart\text\TextBox.java,org.jfree.chart.text,TextBox,10
..\jfreechart-master\jfreechart-master\src\main\java\org\jfree\chart\text\TextFragment.java,org.jfree.chart.text,TextFragment,8
..\jfreechart-master\jfreechart-master\src\main\java\org\jfree\chart\text\TextLine.java,org.jfree.chart.text,TextLine,8
..\jfreechart-master\jfreechart-master\src\main\java\org\jfree\chart\text\TextMeasurer.java,org.jfree.chart.text,TextMeasurer,6
..\jfreechart-master\jfreechart-master\src\main\java\org\jfree\chart\text\TextUtils.java,org.jfree.chart.text,TextUtils,37
..\jfreechart-master\jfreechart-master\src\main\java\org\jfree\chart\title\CompositeTitle.java,org.jfree.chart.title,CompositeTitle,15
..\jfreechart-master\jfreechart-master\src\main\java\org\jfree\chart\title\DateTitle.java,org.jfree.chart.title,DateTitle,7
..\jfreechart-master\jfreechart-master\src\main\java\org\jfree\chart\title\ImageTitle.java,org.jfree.chart.title,ImageTitle,9
..\jfreechart-master\jfreechart-master\src\main\java\org\jfree\chart\title\package-info.java,org.jfree.chart.title,package-info,1
..\jfreechart-master\jfreechart-master\src\main\java\org\jfree\chart\title\ShortTextTitle.java,org.jfree.chart.title,ShortTextTitle,8
..\jfreechart-master\jfreechart-master\src\main\java\org\jfree\chart\title\TextTitle.java,org.jfree.chart.title,TextTitle,32
..\jfreechart-master\jfreechart-master\src\main\java\org\jfree\chart\title\Title.java,org.jfree.chart.title,Title,30
..\jfreechart-master\jfreechart-master\src\main\java\org\jfree\chart\urls\CategoryURLGenerator.java,org.jfree.chart.urls,CategoryURLGenerator,10
..\jfreechart-master\jfreechart-master\src\main\java\org\jfree\chart\urls\CustomCategoryURLGenerator.java,org.jfree.chart.urls,CustomCategoryURLGenerator,5
..\jfreechart-master\jfreechart-master\src\main\java\org\jfree\chart\urls\CustomPieURLGenerator.java,org.jfree.chart.urls,CustomPieURLGenerator,6
..\jfreechart-master\jfreechart-master\src\main\java\org\jfree\chart\urls\CustomXYURLGenerator.java,org.jfree.chart.urls,CustomXYURLGenerator,6
..\jfreechart-master\jfreechart-master\src\main\java\org\jfree\chart\urls\package-info.java,org.jfree.chart.urls,package-info,1
..\jfreechart-master\jfreechart-master\src\main\java\org\jfree\chart\urls\PieURLGenerator.java,org.jfree.chart.urls,PieURLGenerator,10
..\jfreechart-master\jfreechart-master\src\main\java\org\jfree\chart\urls\StandardCategoryURLGenerator.java,org.jfree.chart.urls,StandardCategoryURLGenerator,7
..\jfreechart-master\jfreechart-master\src\main\java\org\jfree\chart\urls\StandardPieURLGenerator.java,org.jfree.chart.urls,StandardPieURLGenerator,6
..\jfreechart-master\jfreechart-master\src\main\java\org\jfree\chart\urls\StandardXYURLGenerator.java,org.jfree.chart.urls,StandardXYURLGenerator,8
..\jfreechart-master\jfreechart-master\src\main\java\org\jfree\chart\urls\StandardXYZURLGenerator.java,org.jfree.chart.urls,StandardXYZURLGenerator,6
..\jfreechart-master\jfreechart-master\src\main\java\org\jfree\chart\urls\TimeSeriesURLGenerator.java,org.jfree.chart.urls,TimeSeriesURLGenerator,8
..\jfreechart-master\jfreechart-master\src\main\java\org\jfree\chart\urls\XYURLGenerator.java,org.jfree.chart.urls,XYURLGenerator,18
..\jfreechart-master\jfreechart-master\src\main\java\org\jfree\chart\urls\XYZURLGenerator.java,org.jfree.chart.urls,XYZURLGenerator,7
..\jfreechart-master\jfreechart-master\src\main\java\org\jfree\chart\util\AttrStringUtils.java,org.jfree.chart.util,AttrStringUtils,8
..\jfreechart-master\jfreechart-master\src\main\java\org\jfree\chart\util\DefaultShadowGenerator.java,org.jfree.chart.util,DefaultShadowGenerator,5
..\jfreechart-master\jfreechart-master\src\main\java\org\jfree\chart\util\DirectionalGradientPaintTransformer.java,org.jfree.chart.util,DirectionalGradientPaintTransformer,2
..\jfreechart-master\jfreechart-master\src\main\java\org\jfree\chart\util\ExportUtils.java,org.jfree.chart.util,ExportUtils,3
..\jfreechart-master\jfreechart-master\src\main\java\org\jfree\chart\util\GradientPaintTransformer.java,org.jfree.chart.util,GradientPaintTransformer,18
..\jfreechart-master\jfreechart-master\src\main\java\org\jfree\chart\util\GradientPaintTransformType.java,org.jfree.chart.util,GradientPaintTransformType,3
..\jfreechart-master\jfreechart-master\src\main\java\org\jfree\chart\util\package-info.java,org.jfree.chart.util,package-info,1
..\jfreechart-master\jfreechart-master\src\main\java\org\jfree\chart\util\PaintAlpha.java,org.jfree.chart.util,PaintAlpha,1
..\jfreechart-master\jfreechart-master\src\main\java\org\jfree\chart\util\ShadowGenerator.java,org.jfree.chart.util,ShadowGenerator,10
..\jfreechart-master\jfreechart-master\src\main\java\org\jfree\chart\util\StandardGradientPaintTransformer.java,org.jfree.chart.util,StandardGradientPaintTransformer,12
..\jfreechart-master\jfreechart-master\src\main\java\org\jfree\chart\util\StringUtils.java,org.jfree.chart.util,StringUtils,8
..\jfreechart-master\jfreechart-master\src\main\java\org\jfree\data\category\CategoryDataset.java,org.jfree.data.category,CategoryDataset,63
..\jfreechart-master\jfreechart-master\src\main\java\org\jfree\data\category\CategoryRangeInfo.java,org.jfree.data.category,CategoryRangeInfo,5
..\jfreechart-master\jfreechart-master\src\main\java\org\jfree\data\category\CategoryToPieDataset.java,org.jfree.data.category,CategoryToPieDataset,11
..\jfreechart-master\jfreechart-master\src\main\java\org\jfree\data\category\DefaultCategoryDataset.java,org.jfree.data.category,DefaultCategoryDataset,13
..\jfreechart-master\jfreechart-master\src\main\java\org\jfree\data\category\DefaultIntervalCategoryDataset.java,org.jfree.data.category,DefaultIntervalCategoryDataset,9
..\jfreechart-master\jfreechart-master\src\main\java\org\jfree\data\category\IntervalCategoryDataset.java,org.jfree.data.category,IntervalCategoryDataset,9
..\jfreechart-master\jfreechart-master\src\main\java\org\jfree\data\category\SlidingCategoryDataset.java,org.jfree.data.category,SlidingCategoryDataset,7
..\jfreechart-master\jfreechart-master\src\main\java\org\jfree\data\ComparableObjectItem.java,org.jfree.data,ComparableObjectItem,11
..\jfreechart-master\jfreechart-master\src\main\java\org\jfree\data\ComparableObjectSeries.java,org.jfree.data,ComparableObjectSeries,15
..\jfreechart-master\jfreechart-master\src\main\java\org\jfree\data\DataUtils.java,org.jfree.data,DataUtils,15
..\jfreechart-master\jfreechart-master\src\main\java\org\jfree\data\DefaultKeyedValue.java,org.jfree.data,DefaultKeyedValue,17
..\jfreechart-master\jfreechart-master\src\main\java\org\jfree\data\DefaultKeyedValues.java,org.jfree.data,DefaultKeyedValues,20
..\jfreechart-master\jfreechart-master\src\main\java\org\jfree\data\DefaultKeyedValues2D.java,org.jfree.data,DefaultKeyedValues2D,13
..\jfreechart-master\jfreechart-master\src\main\java\org\jfree\data\DomainInfo.java,org.jfree.data,DomainInfo,13
..\jfreechart-master\jfreechart-master\src\main\java\org\jfree\data\DomainOrder.java,org.jfree.data,DomainOrder,10
..\jfreechart-master\jfreechart-master\src\main\java\org\jfree\data\flow\DefaultFlowDataset.java,org.jfree.data.flow,DefaultFlowDataset,9
..\jfreechart-master\jfreechart-master\src\main\java\org\jfree\data\flow\FlowDataset.java,org.jfree.data.flow,FlowDataset,8
..\jfreechart-master\jfreechart-master\src\main\java\org\jfree\data\flow\FlowDatasetUtils.java,org.jfree.data.flow,FlowDatasetUtils,9
..\jfreechart-master\jfreechart-master\src\main\java\org\jfree\data\flow\FlowKey.java,org.jfree.data.flow,FlowKey,9
..\jfreechart-master\jfreechart-master\src\main\java\org\jfree\data\flow\NodeKey.java,org.jfree.data.flow,NodeKey,7
..\jfreechart-master\jfreechart-master\src\main\java\org\jfree\data\flow\package-info.java,org.jfree.data.flow,package-info,1
..\jfreechart-master\jfreechart-master\src\main\java\org\jfree\data\function\Function2D.java,org.jfree.data.function,Function2D,7
..\jfreechart-master\jfreechart-master\src\main\java\org\jfree\data\function\LineFunction2D.java,org.jfree.data.function,LineFunction2D,4
..\jfreechart-master\jfreechart-master\src\main\java\org\jfree\data\function\NormalDistributionFunction2D.java,org.jfree.data.function,NormalDistributionFunction2D,4
..\jfreechart-master\jfreechart-master\src\main\java\org\jfree\data\function\PolynomialFunction2D.java,org.jfree.data.function,PolynomialFunction2D,5
..\jfreechart-master\jfreechart-master\src\main\java\org\jfree\data\function\PowerFunction2D.java,org.jfree.data.function,PowerFunction2D,4
..\jfreechart-master\jfreechart-master\src\main\java\org\jfree\data\gantt\GanttCategoryDataset.java,org.jfree.data.gantt,GanttCategoryDataset,7
..\jfreechart-master\jfreechart-master\src\main\java\org\jfree\data\gantt\SlidingGanttCategoryDataset.java,org.jfree.data.gantt,SlidingGanttCategoryDataset,8
..\jfreechart-master\jfreechart-master\src\main\java\org\jfree\data\gantt\Task.java,org.jfree.data.gantt,Task,9
..\jfreechart-master\jfreechart-master\src\main\java\org\jfree\data\gantt\TaskSeries.java,org.jfree.data.gantt,TaskSeries,9
..\jfreechart-master\jfreechart-master\src\main\java\org\jfree\data\gantt\TaskSeriesCollection.java,org.jfree.data.gantt,TaskSeriesCollection,14
..\jfreechart-master\jfreechart-master\src\main\java\org\jfree\data\gantt\XYTaskDataset.java,org.jfree.data.gantt,XYTaskDataset,16
..\jfreechart-master\jfreechart-master\src\main\java\org\jfree\data\general\AbstractDataset.java,org.jfree.data.general,AbstractDataset,17
..\jfreechart-master\jfreechart-master\src\main\java\org\jfree\data\general\AbstractSeriesDataset.java,org.jfree.data.general,AbstractSeriesDataset,8
..\jfreechart-master\jfreechart-master\src\main\java\org\jfree\data\general\Dataset.java,org.jfree.data.general,Dataset,191
..\jfreechart-master\jfreechart-master\src\main\java\org\jfree\data\general\DatasetChangeEvent.java,org.jfree.data.general,DatasetChangeEvent,44
..\jfreechart-master\jfreechart-master\src\main\java\org\jfree\data\general\DatasetChangeListener.java,org.jfree.data.general,DatasetChangeListener,10
..\jfreechart-master\jfreechart-master\src\main\java\org\jfree\data\general\DatasetUtils.java,org.jfree.data.general,DatasetUtils,52
..\jfreechart-master\jfreechart-master\src\main\java\org\jfree\data\general\DefaultHeatMapDataset.java,org.jfree.data.general,DefaultHeatMapDataset,9
..\jfreechart-master\jfreechart-master\src\main\java\org\jfree\data\general\DefaultKeyedValueDataset.java,org.jfree.data.general,DefaultKeyedValueDataset,6
..\jfreechart-master\jfreechart-master\src\main\java\org\jfree\data\general\DefaultKeyedValues2DDataset.java,org.jfree.data.general,DefaultKeyedValues2DDataset,6
..\jfreechart-master\jfreechart-master\src\main\java\org\jfree\data\general\DefaultKeyedValuesDataset.java,org.jfree.data.general,DefaultKeyedValuesDataset,6
..\jfreechart-master\jfreechart-master\src\main\java\org\jfree\data\general\DefaultPieDataset.java,org.jfree.data.general,DefaultPieDataset,14
..\jfreechart-master\jfreechart-master\src\main\java\org\jfree\data\general\DefaultValueDataset.java,org.jfree.data.general,DefaultValueDataset,8
..\jfreechart-master\jfreechart-master\src\main\java\org\jfree\data\general\HeatMapDataset.java,org.jfree.data.general,HeatMapDataset,4
..\jfreechart-master\jfreechart-master\src\main\java\org\jfree\data\general\HeatMapUtils.java,org.jfree.data.general,HeatMapUtils,10
..\jfreechart-master\jfreechart-master\src\main\java\org\jfree\data\general\KeyedValueDataset.java,org.jfree.data.general,KeyedValueDataset,2
..\jfreechart-master\jfreechart-master\src\main\java\org\jfree\data\general\KeyedValues2DDataset.java,org.jfree.data.general,KeyedValues2DDataset,5
..\jfreechart-master\jfreechart-master\src\main\java\org\jfree\data\general\KeyedValuesDataset.java,org.jfree.data.general,KeyedValuesDataset,3
..\jfreechart-master\jfreechart-master\src\main\java\org\jfree\data\general\PieDataset.java,org.jfree.data.general,PieDataset,21
..\jfreechart-master\jfreechart-master\src\main\java\org\jfree\data\general\Series.java,org.jfree.data.general,Series,136
..\jfreechart-master\jfreechart-master\src\main\java\org\jfree\data\general\SeriesChangeEvent.java,org.jfree.data.general,SeriesChangeEvent,15
..\jfreechart-master\jfreechart-master\src\main\java\org\jfree\data\general\SeriesChangeListener.java,org.jfree.data.general,SeriesChangeListener,4
..\jfreechart-master\jfreechart-master\src\main\java\org\jfree\data\general\SeriesDataset.java,org.jfree.data.general,SeriesDataset,8
..\jfreechart-master\jfreechart-master\src\main\java\org\jfree\data\general\SeriesException.java,org.jfree.data.general,SeriesException,5
..\jfreechart-master\jfreechart-master\src\main\java\org\jfree\data\general\ValueDataset.java,org.jfree.data.general,ValueDataset,7
..\jfreechart-master\jfreechart-master\src\main\java\org\jfree\data\general\WaferMapDataset.java,org.jfree.data.general,WaferMapDataset,9
..\jfreechart-master\jfreechart-master\src\main\java\org\jfree\data\io\CSV.java,org.jfree.data.io,CSV,4
..\jfreechart-master\jfreechart-master\src\main\java\org\jfree\data\ItemKey.java,org.jfree.data,ItemKey,8
..\jfreechart-master\jfreechart-master\src\main\java\org\jfree\data\json\impl\JSONArray.java,org.jfree.data.json.impl,JSONArray,4
..\jfreechart-master\jfreechart-master\src\main\java\org\jfree\data\json\impl\JSONAware.java,org.jfree.data.json.impl,JSONAware,4
..\jfreechart-master\jfreechart-master\src\main\java\org\jfree\data\json\impl\JSONObject.java,org.jfree.data.json.impl,JSONObject,4
..\jfreechart-master\jfreechart-master\src\main\java\org\jfree\data\json\impl\JSONStreamAware.java,org.jfree.data.json.impl,JSONStreamAware,4
..\jfreechart-master\jfreechart-master\src\main\java\org\jfree\data\json\impl\JSONValue.java,org.jfree.data.json.impl,JSONValue,7
..\jfreechart-master\jfreechart-master\src\main\java\org\jfree\data\json\impl\package-info.java,org.jfree.data.json.impl,package-info,1
..\jfreechart-master\jfreechart-master\src\main\java\org\jfree\data\json\JSONUtils.java,org.jfree.data.json,JSONUtils,8
..\jfreechart-master\jfreechart-master\src\main\java\org\jfree\data\json\package-info.java,org.jfree.data.json,package-info,1
..\jfreechart-master\jfreechart-master\src\main\java\org\jfree\data\KeyedObject.java,org.jfree.data,KeyedObject,7
..\jfreechart-master\jfreechart-master\src\main\java\org\jfree\data\KeyedObjects.java,org.jfree.data,KeyedObjects,10
..\jfreechart-master\jfreechart-master\src\main\java\org\jfree\data\KeyedObjects2D.java,org.jfree.data,KeyedObjects2D,9
..\jfreechart-master\jfreechart-master\src\main\java\org\jfree\data\KeyedValue.java,org.jfree.data,KeyedValue,25
..\jfreechart-master\jfreechart-master\src\main\java\org\jfree\data\KeyedValueComparator.java,org.jfree.data,KeyedValueComparator,5
..\jfreechart-master\jfreechart-master\src\main\java\org\jfree\data\KeyedValueComparatorType.java,org.jfree.data,KeyedValueComparatorType,3
..\jfreechart-master\jfreechart-master\src\main\java\org\jfree\data\KeyedValues.java,org.jfree.data,KeyedValues,22
..\jfreechart-master\jfreechart-master\src\main\java\org\jfree\data\KeyedValues2D.java,org.jfree.data,KeyedValues2D,14
..\jfreechart-master\jfreechart-master\src\main\java\org\jfree\data\KeyedValues2DItemKey.java,org.jfree.data,KeyedValues2DItemKey,8
..\jfreechart-master\jfreechart-master\src\main\java\org\jfree\data\KeyedValuesItemKey.java,org.jfree.data,KeyedValuesItemKey,5
..\jfreechart-master\jfreechart-master\src\main\java\org\jfree\data\KeyToGroupMap.java,org.jfree.data,KeyToGroupMap,5
..\jfreechart-master\jfreechart-master\src\main\java\org\jfree\data\Range.java,org.jfree.data,Range,134
..\jfreechart-master\jfreechart-master\src\main\java\org\jfree\data\RangeInfo.java,org.jfree.data,RangeInfo,12
..\jfreechart-master\jfreechart-master\src\main\java\org\jfree\data\RangeType.java,org.jfree.data,RangeType,3
..\jfreechart-master\jfreechart-master\src\main\java\org\jfree\data\resources\DataPackageResources.java,org.jfree.data.resources,DataPackageResources,8
..\jfreechart-master\jfreechart-master\src\main\java\org\jfree\data\resources\DataPackageResources_de.java,org.jfree.data.resources,DataPackageResources_de,2
..\jfreechart-master\jfreechart-master\src\main\java\org\jfree\data\resources\DataPackageResources_es.java,org.jfree.data.resources,DataPackageResources_es,3
..\jfreechart-master\jfreechart-master\src\main\java\org\jfree\data\resources\DataPackageResources_fr.java,org.jfree.data.resources,DataPackageResources_fr,2
..\jfreechart-master\jfreechart-master\src\main\java\org\jfree\data\resources\DataPackageResources_pl.java,org.jfree.data.resources,DataPackageResources_pl,2
..\jfreechart-master\jfreechart-master\src\main\java\org\jfree\data\resources\DataPackageResources_ru.java,org.jfree.data.resources,DataPackageResources_ru,2
..\jfreechart-master\jfreechart-master\src\main\java\org\jfree\data\statistics\BoxAndWhiskerCalculator.java,org.jfree.data.statistics,BoxAndWhiskerCalculator,8
..\jfreechart-master\jfreechart-master\src\main\java\org\jfree\data\statistics\BoxAndWhiskerCategoryDataset.java,org.jfree.data.statistics,BoxAndWhiskerCategoryDataset,9
..\jfreechart-master\jfreechart-master\src\main\java\org\jfree\data\statistics\BoxAndWhiskerItem.java,org.jfree.data.statistics,BoxAndWhiskerItem,6
..\jfreechart-master\jfreechart-master\src\main\java\org\jfree\data\statistics\BoxAndWhiskerXYDataset.java,org.jfree.data.statistics,BoxAndWhiskerXYDataset,10
..\jfreechart-master\jfreechart-master\src\main\java\org\jfree\data\statistics\DefaultBoxAndWhiskerCategoryDataset.java,org.jfree.data.statistics,DefaultBoxAndWhiskerCategoryDataset,16
..\jfreechart-master\jfreechart-master\src\main\java\org\jfree\data\statistics\DefaultBoxAndWhiskerXYDataset.java,org.jfree.data.statistics,DefaultBoxAndWhiskerXYDataset,11
..\jfreechart-master\jfreechart-master\src\main\java\org\jfree\data\statistics\DefaultMultiValueCategoryDataset.java,org.jfree.data.statistics,DefaultMultiValueCategoryDataset,13
..\jfreechart-master\jfreechart-master\src\main\java\org\jfree\data\statistics\DefaultStatisticalCategoryDataset.java,org.jfree.data.statistics,DefaultStatisticalCategoryDataset,14
..\jfreechart-master\jfreechart-master\src\main\java\org\jfree\data\statistics\HistogramBin.java,org.jfree.data.statistics,HistogramBin,5
..\jfreechart-master\jfreechart-master\src\main\java\org\jfree\data\statistics\HistogramDataset.java,org.jfree.data.statistics,HistogramDataset,13
..\jfreechart-master\jfreechart-master\src\main\java\org\jfree\data\statistics\HistogramType.java,org.jfree.data.statistics,HistogramType,2
..\jfreechart-master\jfreechart-master\src\main\java\org\jfree\data\statistics\MeanAndStandardDeviation.java,org.jfree.data.statistics,MeanAndStandardDeviation,3
..\jfreechart-master\jfreechart-master\src\main\java\org\jfree\data\statistics\MultiValueCategoryDataset.java,org.jfree.data.statistics,MultiValueCategoryDataset,5
..\jfreechart-master\jfreechart-master\src\main\java\org\jfree\data\statistics\Regression.java,org.jfree.data.statistics,Regression,5
..\jfreechart-master\jfreechart-master\src\main\java\org\jfree\data\statistics\SimpleHistogramBin.java,org.jfree.data.statistics,SimpleHistogramBin,6
..\jfreechart-master\jfreechart-master\src\main\java\org\jfree\data\statistics\SimpleHistogramDataset.java,org.jfree.data.statistics,SimpleHistogramDataset,11
..\jfreechart-master\jfreechart-master\src\main\java\org\jfree\data\statistics\StatisticalCategoryDataset.java,org.jfree.data.statistics,StatisticalCategoryDataset,7
..\jfreechart-master\jfreechart-master\src\main\java\org\jfree\data\statistics\Statistics.java,org.jfree.data.statistics,Statistics,6
..\jfreechart-master\jfreechart-master\src\main\java\org\jfree\data\time\DateRange.java,org.jfree.data.time,DateRange,3
..\jfreechart-master\jfreechart-master\src\main\java\org\jfree\data\time\Day.java,org.jfree.data.time,Day,18
..\jfreechart-master\jfreechart-master\src\main\java\org\jfree\data\time\DynamicTimeSeriesCollection.java,org.jfree.data.time,DynamicTimeSeriesCollection,17
..\jfreechart-master\jfreechart-master\src\main\java\org\jfree\data\time\FixedMillisecond.java,org.jfree.data.time,FixedMillisecond,5
..\jfreechart-master\jfreechart-master\src\main\java\org\jfree\data\time\Hour.java,org.jfree.data.time,Hour,13
..\jfreechart-master\jfreechart-master\src\main\java\org\jfree\data\time\Millisecond.java,org.jfree.data.time,Millisecond,22
..\jfreechart-master\jfreechart-master\src\main\java\org\jfree\data\time\Minute.java,org.jfree.data.time,Minute,14
..\jfreechart-master\jfreechart-master\src\main\java\org\jfree\data\time\Month.java,org.jfree.data.time,Month,19
..\jfreechart-master\jfreechart-master\src\main\java\org\jfree\data\time\MovingAverage.java,org.jfree.data.time,MovingAverage,14
..\jfreechart-master\jfreechart-master\src\main\java\org\jfree\data\time\ohlc\OHLC.java,org.jfree.data.time.ohlc,OHLC,13
..\jfreechart-master\jfreechart-master\src\main\java\org\jfree\data\time\ohlc\OHLCItem.java,org.jfree.data.time.ohlc,OHLCItem,7
..\jfreechart-master\jfreechart-master\src\main\java\org\jfree\data\time\ohlc\OHLCSeries.java,org.jfree.data.time.ohlc,OHLCSeries,10
..\jfreechart-master\jfreechart-master\src\main\java\org\jfree\data\time\ohlc\OHLCSeriesCollection.java,org.jfree.data.time.ohlc,OHLCSeriesCollection,14
..\jfreechart-master\jfreechart-master\src\main\java\org\jfree\data\time\Quarter.java,org.jfree.data.time,Quarter,11
..\jfreechart-master\jfreechart-master\src\main\java\org\jfree\data\time\RegularTimePeriod.java,org.jfree.data.time,RegularTimePeriod,25
..\jfreechart-master\jfreechart-master\src\main\java\org\jfree\data\time\Second.java,org.jfree.data.time,Second,19
..\jfreechart-master\jfreechart-master\src\main\java\org\jfree\data\time\SimpleTimePeriod.java,org.jfree.data.time,SimpleTimePeriod,3
..\jfreechart-master\jfreechart-master\src\main\java\org\jfree\data\time\TimePeriod.java,org.jfree.data.time,TimePeriod,32
..\jfreechart-master\jfreechart-master\src\main\java\org\jfree\data\time\TimePeriodAnchor.java,org.jfree.data.time,TimePeriodAnchor,7
..\jfreechart-master\jfreechart-master\src\main\java\org\jfree\data\time\TimePeriodFormatException.java,org.jfree.data.time,TimePeriodFormatException,6
..\jfreechart-master\jfreechart-master\src\main\java\org\jfree\data\time\TimePeriodValue.java,org.jfree.data.time,TimePeriodValue,6
..\jfreechart-master\jfreechart-master\src\main\java\org\jfree\data\time\TimePeriodValues.java,org.jfree.data.time,TimePeriodValues,10
..\jfreechart-master\jfreechart-master\src\main\java\org\jfree\data\time\TimePeriodValuesCollection.java,org.jfree.data.time,TimePeriodValuesCollection,14
..\jfreechart-master\jfreechart-master\src\main\java\org\jfree\data\time\TimeSeries.java,org.jfree.data.time,TimeSeries,20
..\jfreechart-master\jfreechart-master\src\main\java\org\jfree\data\time\TimeSeriesCollection.java,org.jfree.data.time,TimeSeriesCollection,25
..\jfreechart-master\jfreechart-master\src\main\java\org\jfree\data\time\TimeSeriesDataItem.java,org.jfree.data.time,TimeSeriesDataItem,16
..\jfreechart-master\jfreechart-master\src\main\java\org\jfree\data\time\TimeSeriesTableModel.java,org.jfree.data.time,TimeSeriesTableModel,7
..\jfreechart-master\jfreechart-master\src\main\java\org\jfree\data\time\TimeTableXYDataset.java,org.jfree.data.time,TimeTableXYDataset,15
..\jfreechart-master\jfreechart-master\src\main\java\org\jfree\data\time\Week.java,org.jfree.data.time,Week,11
..\jfreechart-master\jfreechart-master\src\main\java\org\jfree\data\time\Year.java,org.jfree.data.time,Year,18
..\jfreechart-master\jfreechart-master\src\main\java\org\jfree\data\UnknownKeyException.java,org.jfree.data,UnknownKeyException,11
..\jfreechart-master\jfreechart-master\src\main\java\org\jfree\data\Value.java,org.jfree.data,Value,235
..\jfreechart-master\jfreechart-master\src\main\java\org\jfree\data\Values.java,org.jfree.data,Values,61
..\jfreechart-master\jfreechart-master\src\main\java\org\jfree\data\Values2D.java,org.jfree.data,Values2D,14
..\jfreechart-master\jfreechart-master\src\main\java\org\jfree\data\xml\CategoryDatasetHandler.java,org.jfree.data.xml,CategoryDatasetHandler,9
..\jfreechart-master\jfreechart-master\src\main\java\org\jfree\data\xml\CategorySeriesHandler.java,org.jfree.data.xml,CategorySeriesHandler,8
..\jfreechart-master\jfreechart-master\src\main\java\org\jfree\data\xml\DatasetReader.java,org.jfree.data.xml,DatasetReader,7
..\jfreechart-master\jfreechart-master\src\main\java\org\jfree\data\xml\DatasetTags.java,org.jfree.data.xml,DatasetTags,10
..\jfreechart-master\jfreechart-master\src\main\java\org\jfree\data\xml\ItemHandler.java,org.jfree.data.xml,ItemHandler,10
..\jfreechart-master\jfreechart-master\src\main\java\org\jfree\data\xml\KeyHandler.java,org.jfree.data.xml,KeyHandler,7
..\jfreechart-master\jfreechart-master\src\main\java\org\jfree\data\xml\PieDatasetHandler.java,org.jfree.data.xml,PieDatasetHandler,8
..\jfreechart-master\jfreechart-master\src\main\java\org\jfree\data\xml\RootHandler.java,org.jfree.data.xml,RootHandler,8
..\jfreechart-master\jfreechart-master\src\main\java\org\jfree\data\xml\ValueHandler.java,org.jfree.data.xml,ValueHandler,7
..\jfreechart-master\jfreechart-master\src\main\java\org\jfree\data\xy\AbstractIntervalXYDataset.java,org.jfree.data.xy,AbstractIntervalXYDataset,15
..\jfreechart-master\jfreechart-master\src\main\java\org\jfree\data\xy\AbstractXYDataset.java,org.jfree.data.xy,AbstractXYDataset,14
..\jfreechart-master\jfreechart-master\src\main\java\org\jfree\data\xy\AbstractXYZDataset.java,org.jfree.data.xy,AbstractXYZDataset,7
..\jfreechart-master\jfreechart-master\src\main\java\org\jfree\data\xy\CategoryTableXYDataset.java,org.jfree.data.xy,CategoryTableXYDataset,17
..\jfreechart-master\jfreechart-master\src\main\java\org\jfree\data\xy\DefaultHighLowDataset.java,org.jfree.data.xy,DefaultHighLowDataset,10
..\jfreechart-master\jfreechart-master\src\main\java\org\jfree\data\xy\DefaultIntervalXYDataset.java,org.jfree.data.xy,DefaultIntervalXYDataset,13
..\jfreechart-master\jfreechart-master\src\main\java\org\jfree\data\xy\DefaultOHLCDataset.java,org.jfree.data.xy,DefaultOHLCDataset,9
..\jfreechart-master\jfreechart-master\src\main\java\org\jfree\data\xy\DefaultTableXYDataset.java,org.jfree.data.xy,DefaultTableXYDataset,17
..\jfreechart-master\jfreechart-master\src\main\java\org\jfree\data\xy\DefaultWindDataset.java,org.jfree.data.xy,DefaultWindDataset,8
..\jfreechart-master\jfreechart-master\src\main\java\org\jfree\data\xy\DefaultXYDataset.java,org.jfree.data.xy,DefaultXYDataset,11
..\jfreechart-master\jfreechart-master\src\main\java\org\jfree\data\xy\DefaultXYZDataset.java,org.jfree.data.xy,DefaultXYZDataset,11
..\jfreechart-master\jfreechart-master\src\main\java\org\jfree\data\xy\IntervalXYDataset.java,org.jfree.data.xy,IntervalXYDataset,28
..\jfreechart-master\jfreechart-master\src\main\java\org\jfree\data\xy\IntervalXYDelegate.java,org.jfree.data.xy,IntervalXYDelegate,16
..\jfreechart-master\jfreechart-master\src\main\java\org\jfree\data\xy\IntervalXYZDataset.java,org.jfree.data.xy,IntervalXYZDataset,5
..\jfreechart-master\jfreechart-master\src\main\java\org\jfree\data\xy\MatrixSeries.java,org.jfree.data.xy,MatrixSeries,5
..\jfreechart-master\jfreechart-master\src\main\java\org\jfree\data\xy\MatrixSeriesCollection.java,org.jfree.data.xy,MatrixSeriesCollection,11
..\jfreechart-master\jfreechart-master\src\main\java\org\jfree\data\xy\NormalizedMatrixSeries.java,org.jfree.data.xy,NormalizedMatrixSeries,3
..\jfreechart-master\jfreechart-master\src\main\java\org\jfree\data\xy\OHLCDataItem.java,org.jfree.data.xy,OHLCDataItem,3
..\jfreechart-master\jfreechart-master\src\main\java\org\jfree\data\xy\OHLCDataset.java,org.jfree.data.xy,OHLCDataset,12
..\jfreechart-master\jfreechart-master\src\main\java\org\jfree\data\xy\TableXYDataset.java,org.jfree.data.xy,TableXYDataset,11
..\jfreechart-master\jfreechart-master\src\main\java\org\jfree\data\xy\Vector.java,org.jfree.data.xy,Vector,6
..\jfreechart-master\jfreechart-master\src\main\java\org\jfree\data\xy\VectorDataItem.java,org.jfree.data.xy,VectorDataItem,8
..\jfreechart-master\jfreechart-master\src\main\java\org\jfree\data\xy\VectorSeries.java,org.jfree.data.xy,VectorSeries,9
..\jfreechart-master\jfreechart-master\src\main\java\org\jfree\data\xy\VectorSeriesCollection.java,org.jfree.data.xy,VectorSeriesCollection,12
..\jfreechart-master\jfreechart-master\src\main\java\org\jfree\data\xy\VectorXYDataset.java,org.jfree.data.xy,VectorXYDataset,6
..\jfreechart-master\jfreechart-master\src\main\java\org\jfree\data\xy\WindDataset.java,org.jfree.data.xy,WindDataset,6
..\jfreechart-master\jfreechart-master\src\main\java\org\jfree\data\xy\XIntervalDataItem.java,org.jfree.data.xy,XIntervalDataItem,6
..\jfreechart-master\jfreechart-master\src\main\java\org\jfree\data\xy\XIntervalSeries.java,org.jfree.data.xy,XIntervalSeries,10
..\jfreechart-master\jfreechart-master\src\main\java\org\jfree\data\xy\XIntervalSeriesCollection.java,org.jfree.data.xy,XIntervalSeriesCollection,12
..\jfreechart-master\jfreechart-master\src\main\java\org\jfree\data\xy\XisSymbolic.java,org.jfree.data.xy,XisSymbolic,4
..\jfreechart-master\jfreechart-master\src\main\java\org\jfree\data\xy\XYBarDataset.java,org.jfree.data.xy,XYBarDataset,10
..\jfreechart-master\jfreechart-master\src\main\java\org\jfree\data\xy\XYCoordinate.java,org.jfree.data.xy,XYCoordinate,4
..\jfreechart-master\jfreechart-master\src\main\java\org\jfree\data\xy\XYDataItem.java,org.jfree.data.xy,XYDataItem,5
..\jfreechart-master\jfreechart-master\src\main\java\org\jfree\data\xy\XYDataset.java,org.jfree.data.xy,XYDataset,84
..\jfreechart-master\jfreechart-master\src\main\java\org\jfree\data\xy\XYDatasetTableModel.java,org.jfree.data.xy,XYDatasetTableModel,14
..\jfreechart-master\jfreechart-master\src\main\java\org\jfree\data\xy\XYDomainInfo.java,org.jfree.data.xy,XYDomainInfo,5
..\jfreechart-master\jfreechart-master\src\main\java\org\jfree\data\xy\XYInterval.java,org.jfree.data.xy,XYInterval,6
..\jfreechart-master\jfreechart-master\src\main\java\org\jfree\data\xy\XYIntervalDataItem.java,org.jfree.data.xy,XYIntervalDataItem,6
..\jfreechart-master\jfreechart-master\src\main\java\org\jfree\data\xy\XYIntervalSeries.java,org.jfree.data.xy,XYIntervalSeries,12
..\jfreechart-master\jfreechart-master\src\main\java\org\jfree\data\xy\XYIntervalSeriesCollection.java,org.jfree.data.xy,XYIntervalSeriesCollection,13
..\jfreechart-master\jfreechart-master\src\main\java\org\jfree\data\xy\XYItemKey.java,org.jfree.data.xy,XYItemKey,7
..\jfreechart-master\jfreechart-master\src\main\java\org\jfree\data\xy\XYRangeInfo.java,org.jfree.data.xy,XYRangeInfo,5
..\jfreechart-master\jfreechart-master\src\main\java\org\jfree\data\xy\XYSeries.java,org.jfree.data.xy,XYSeries,21
..\jfreechart-master\jfreechart-master\src\main\java\org\jfree\data\xy\XYSeriesCollection.java,org.jfree.data.xy,XYSeriesCollection,21
..\jfreechart-master\jfreechart-master\src\main\java\org\jfree\data\xy\XYZDataset.java,org.jfree.data.xy,XYZDataset,17
..\jfreechart-master\jfreechart-master\src\main\java\org\jfree\data\xy\YInterval.java,org.jfree.data.xy,YInterval,9
..\jfreechart-master\jfreechart-master\src\main\java\org\jfree\data\xy\YIntervalDataItem.java,org.jfree.data.xy,YIntervalDataItem,6
..\jfreechart-master\jfreechart-master\src\main\java\org\jfree\data\xy\YIntervalSeries.java,org.jfree.data.xy,YIntervalSeries,10
..\jfreechart-master\jfreechart-master\src\main\java\org\jfree\data\xy\YIntervalSeriesCollection.java,org.jfree.data.xy,YIntervalSeriesCollection,11
..\jfreechart-master\jfreechart-master\src\main\java\org\jfree\data\xy\YisSymbolic.java,org.jfree.data.xy,YisSymbolic,4
..\jfreechart-master\jfreechart-master\src\main\java\org\jfree\data\xy\YWithXInterval.java,org.jfree.data.xy,YWithXInterval,4
